crop_id,display_name,region_id,region_label,ref_period,n_years,avg_yield_mt_per_ha,min_yield_mt_per_ha,max_yield_mt_per_ha,unit,source_id,data_status
abiu,Abiu,IV-A,REGION IV-A (CALABARZON),2021-2025,5,0.1480,0.1400,0.1500,mt_per_ha,PSA-OPENSTAT-CROPS,observed
achuete,Achuete,CAR,CORDILLERA ADMINISTRATIVE REGION (CAR),2021-2025,5,1.2770,0.6815,1.9077,mt_per_ha,PSA-OPENSTAT-CROPS,observed
achuete,Achuete,I,REGION I (ILOCOS REGION),2021-2025,5,0.4482,0.4170,0.4729,mt_per_ha,PSA-OPENSTAT-CROPS,observed
achuete,Achuete,II,REGION II (CAGAYAN VALLEY),2021-2025,5,0.8932,0.1842,1.9011,mt_per_ha,PSA-OPENSTAT-CROPS,observed
achuete,Achuete,III,REGION III (CENTRAL LUZON),2021-2025,5,1.7866,0.9442,2.5674,mt_per_ha,PSA-OPENSTAT-CROPS,observed
achuete,Achuete,IV-A,REGION IV-A (CALABARZON),2021-2025,5,1.0768,0.9325,1.2362,mt_per_ha,PSA-OPENSTAT-CROPS,observed
achuete,Achuete,MIMAROPA,MIMAROPA REGION,2021-2025,5,0.4978,0.4352,0.5556,mt_per_ha,PSA-OPENSTAT-CROPS,observed
achuete,Achuete,V,REGION V (BICOL REGION),2021-2025,5,0.1256,0.0170,0.2523,mt_per_ha,PSA-OPENSTAT-CROPS,observed
alucon,Alucon,CAR,CORDILLERA ADMINISTRATIVE REGION (CAR),2021-2025,5,1.2114,0.5233,3.7232,mt_per_ha,PSA-OPENSTAT-CROPS,observed
alucon,Alucon,I,REGION I (ILOCOS REGION),2021-2025,5,0.7374,0.7145,0.7805,mt_per_ha,PSA-OPENSTAT-CROPS,observed
alucon,Alucon,II,REGION II (CAGAYAN VALLEY),2021-2025,5,1.7047,1.5629,1.9062,mt_per_ha,PSA-OPENSTAT-CROPS,observed
alucon,Alucon,III,REGION III (CENTRAL LUZON),2021-2025,5,1.6683,1.4907,2.0014,mt_per_ha,PSA-OPENSTAT-CROPS,observed
alucon,Alucon,IV-A,REGION IV-A (CALABARZON),2021-2025,5,0.9706,0.5171,1.2267,mt_per_ha,PSA-OPENSTAT-CROPS,observed
alugbati,Alugbati,CAR,CORDILLERA ADMINISTRATIVE REGION (CAR),2021-2025,5,1.6310,1.2154,2.2067,mt_per_ha,PSA-OPENSTAT-CROPS,observed
alugbati,Alugbati,I,REGION I (ILOCOS REGION),2021-2025,5,4.1057,2.8233,5.2195,mt_per_ha,PSA-OPENSTAT-CROPS,observed
alugbati,Alugbati,II,REGION II (CAGAYAN VALLEY),2021-2025,5,3.4881,2.7927,4.3630,mt_per_ha,PSA-OPENSTAT-CROPS,observed
alugbati,Alugbati,III,REGION III (CENTRAL LUZON),2021-2025,5,9.5301,7.9768,11.0630,mt_per_ha,PSA-OPENSTAT-CROPS,observed
alugbati,Alugbati,IV-A,REGION IV-A (CALABARZON),2021-2025,5,3.6370,1.9311,5.3886,mt_per_ha,PSA-OPENSTAT-CROPS,observed
alugbati,Alugbati,MIMAROPA,MIMAROPA REGION,2021-2025,5,2.2040,1.5733,2.6518,mt_per_ha,PSA-OPENSTAT-CROPS,observed
alugbati,Alugbati,V,REGION V (BICOL REGION),2021-2025,5,0.8066,0.3915,1.2046,mt_per_ha,PSA-OPENSTAT-CROPS,observed
ampalaya-fruit-bitter-gourd,Ampalaya Fruit Bitter Gourd,CAR,CORDILLERA ADMINISTRATIVE REGION (CAR),2021-2025,5,3.5133,2.3865,4.0741,mt_per_ha,PSA-OPENSTAT-CROPS,observed
ampalaya-fruit-bitter-gourd,Ampalaya Fruit Bitter Gourd,I,REGION I (ILOCOS REGION),2021-2025,5,9.0369,8.0288,10.0130,mt_per_ha,PSA-OPENSTAT-CROPS,observed
ampalaya-fruit-bitter-gourd,Ampalaya Fruit Bitter Gourd,II,REGION II (CAGAYAN VALLEY),2021-2025,5,5.7626,5.4151,6.3738,mt_per_ha,PSA-OPENSTAT-CROPS,observed
ampalaya-fruit-bitter-gourd,Ampalaya Fruit Bitter Gourd,III,REGION III (CENTRAL LUZON),2021-2025,5,13.9757,13.3825,14.8556,mt_per_ha,PSA-OPENSTAT-CROPS,observed
ampalaya-fruit-bitter-gourd,Ampalaya Fruit Bitter Gourd,IV-A,REGION IV-A (CALABARZON),2021-2025,5,7.6915,6.8809,8.3547,mt_per_ha,PSA-OPENSTAT-CROPS,observed
ampalaya-fruit-bitter-gourd,Ampalaya Fruit Bitter Gourd,MIMAROPA,MIMAROPA REGION,2021-2025,5,5.2233,4.6744,6.3862,mt_per_ha,PSA-OPENSTAT-CROPS,observed
ampalaya-fruit-bitter-gourd,Ampalaya Fruit Bitter Gourd,V,REGION V (BICOL REGION),2021-2025,5,6.5376,5.1203,7.6427,mt_per_ha,PSA-OPENSTAT-CROPS,observed
anonas,Anonas,I,REGION I (ILOCOS REGION),2021-2025,5,0.5317,0.1864,0.9215,mt_per_ha,PSA-OPENSTAT-CROPS,observed
anonas,Anonas,II,REGION II (CAGAYAN VALLEY),2021-2025,5,0.2940,0.0820,0.6346,mt_per_ha,PSA-OPENSTAT-CROPS,observed
anonas,Anonas,MIMAROPA,MIMAROPA REGION,2021-2025,5,0.8177,0.1333,1.5000,mt_per_ha,PSA-OPENSTAT-CROPS,observed
anonas,Anonas,V,REGION V (BICOL REGION),2021-2025,5,1.2065,0.1850,2.6000,mt_per_ha,PSA-OPENSTAT-CROPS,observed
anthurium,Anthurium,CAR,CORDILLERA ADMINISTRATIVE REGION (CAR),2021-2025,5,21.1824,15.9183,36.9805,mt_per_ha,PSA-OPENSTAT-CROPS,observed
anthurium,Anthurium,II,REGION II (CAGAYAN VALLEY),2021-2025,5,0.8827,0.8045,1.0698,mt_per_ha,PSA-OPENSTAT-CROPS,observed
anthurium,Anthurium,III,REGION III (CENTRAL LUZON),2021-2025,5,7.9373,5.2200,8.8000,mt_per_ha,PSA-OPENSTAT-CROPS,observed
anthurium,Anthurium,IV-A,REGION IV-A (CALABARZON),2021-2025,5,4.8924,3.9071,5.3214,mt_per_ha,PSA-OPENSTAT-CROPS,observed
anthurium,Anthurium,MIMAROPA,MIMAROPA REGION,2021-2025,5,1.6408,1.1672,2.0000,mt_per_ha,PSA-OPENSTAT-CROPS,observed
anthurium,Anthurium,V,REGION V (BICOL REGION),2021-2025,5,1.6931,0.9947,2.6895,mt_per_ha,PSA-OPENSTAT-CROPS,observed
apatot,Apatot,I,REGION I (ILOCOS REGION),2021-2025,5,0.3838,0.3700,0.3953,mt_per_ha,PSA-OPENSTAT-CROPS,observed
apatot,Apatot,III,REGION III (CENTRAL LUZON),2021-2025,5,0.2784,0.2560,0.2960,mt_per_ha,PSA-OPENSTAT-CROPS,observed
aratelis-manzanita,Aratelis Manzanita,I,REGION I (ILOCOS REGION),2021-2025,5,0.2744,0.2399,0.2999,mt_per_ha,PSA-OPENSTAT-CROPS,observed
aratelis-manzanita,Aratelis Manzanita,II,REGION II (CAGAYAN VALLEY),2021-2025,5,0.2480,0.2146,0.3126,mt_per_ha,PSA-OPENSTAT-CROPS,observed
aratelis-manzanita,Aratelis Manzanita,III,REGION III (CENTRAL LUZON),2021-2025,5,0.6378,0.4300,0.9039,mt_per_ha,PSA-OPENSTAT-CROPS,observed
aratelis-manzanita,Aratelis Manzanita,IV-A,REGION IV-A (CALABARZON),2021-2025,5,0.5280,0.5097,0.5803,mt_per_ha,PSA-OPENSTAT-CROPS,observed
aratelis-manzanita,Aratelis Manzanita,MIMAROPA,MIMAROPA REGION,2021-2025,5,2.0074,0.7406,2.4680,mt_per_ha,PSA-OPENSTAT-CROPS,observed
aratelis-manzanita,Aratelis Manzanita,V,REGION V (BICOL REGION),2021-2025,5,1.2173,1.0434,1.4434,mt_per_ha,PSA-OPENSTAT-CROPS,observed
ariwat,Ariwat,II,REGION II (CAGAYAN VALLEY),2021-2025,5,1.9970,0.5556,3.7391,mt_per_ha,PSA-OPENSTAT-CROPS,observed
arrowroot,Arrowroot,I,REGION I (ILOCOS REGION),2021-2025,5,1.9060,1.7143,2.0658,mt_per_ha,PSA-OPENSTAT-CROPS,observed
arrowroot,Arrowroot,III,REGION III (CENTRAL LUZON),2021-2025,5,1.0552,0.7800,1.4206,mt_per_ha,PSA-OPENSTAT-CROPS,observed
arrowroot,Arrowroot,IV-A,REGION IV-A (CALABARZON),2021-2025,5,3.2403,2.7715,3.7511,mt_per_ha,PSA-OPENSTAT-CROPS,observed
arrowroot,Arrowroot,MIMAROPA,MIMAROPA REGION,2021-2025,5,9.7443,9.0080,10.8676,mt_per_ha,PSA-OPENSTAT-CROPS,observed
asparagus,Asparagus,III,REGION III (CENTRAL LUZON),2021-2025,5,3.3545,2.8050,3.9333,mt_per_ha,PSA-OPENSTAT-CROPS,observed
aster,Aster,CAR,CORDILLERA ADMINISTRATIVE REGION (CAR),2021-2025,5,23.1262,16.9575,37.9717,mt_per_ha,PSA-OPENSTAT-CROPS,observed
aster,Aster,II,REGION II (CAGAYAN VALLEY),2021-2025,5,11.3565,10.8696,12.0000,mt_per_ha,PSA-OPENSTAT-CROPS,observed
aster,Aster,IV-A,REGION IV-A (CALABARZON),2021-2025,5,23.7474,17.9191,28.8718,mt_per_ha,PSA-OPENSTAT-CROPS,observed
aster,Aster,MIMAROPA,MIMAROPA REGION,2021-2025,5,2.6061,1.7235,3.4000,mt_per_ha,PSA-OPENSTAT-CROPS,observed
aster,Aster,V,REGION V (BICOL REGION),2021-2025,5,6.4042,2.6125,8.3126,mt_per_ha,PSA-OPENSTAT-CROPS,observed
atis,Atis,CAR,CORDILLERA ADMINISTRATIVE REGION (CAR),2021-2025,5,1.0015,0.4688,1.3817,mt_per_ha,PSA-OPENSTAT-CROPS,observed
atis,Atis,I,REGION I (ILOCOS REGION),2021-2025,5,2.3175,2.1987,2.4522,mt_per_ha,PSA-OPENSTAT-CROPS,observed
atis,Atis,II,REGION II (CAGAYAN VALLEY),2021-2025,5,2.9125,2.2663,3.7190,mt_per_ha,PSA-OPENSTAT-CROPS,observed
atis,Atis,III,REGION III (CENTRAL LUZON),2021-2025,5,0.6540,0.5853,0.7363,mt_per_ha,PSA-OPENSTAT-CROPS,observed
atis,Atis,IV-A,REGION IV-A (CALABARZON),2021-2025,5,0.1692,0.1499,0.1784,mt_per_ha,PSA-OPENSTAT-CROPS,observed
atis,Atis,MIMAROPA,MIMAROPA REGION,2021-2025,5,1.9271,0.1410,2.5906,mt_per_ha,PSA-OPENSTAT-CROPS,observed
atis,Atis,V,REGION V (BICOL REGION),2021-2025,5,0.7552,0.3036,1.3373,mt_per_ha,PSA-OPENSTAT-CROPS,observed
avocado,Avocado,CAR,CORDILLERA ADMINISTRATIVE REGION (CAR),2021-2025,5,4.1416,2.6780,4.8645,mt_per_ha,PSA-OPENSTAT-CROPS,observed
avocado,Avocado,I,REGION I (ILOCOS REGION),2021-2025,5,8.9449,8.6436,9.2053,mt_per_ha,PSA-OPENSTAT-CROPS,observed
avocado,Avocado,II,REGION II (CAGAYAN VALLEY),2021-2025,5,5.3139,5.0716,5.5332,mt_per_ha,PSA-OPENSTAT-CROPS,observed
avocado,Avocado,III,REGION III (CENTRAL LUZON),2021-2025,5,4.4138,2.7936,5.3046,mt_per_ha,PSA-OPENSTAT-CROPS,observed
avocado,Avocado,IV-A,REGION IV-A (CALABARZON),2021-2025,5,2.3389,2.1028,2.6253,mt_per_ha,PSA-OPENSTAT-CROPS,observed
avocado,Avocado,MIMAROPA,MIMAROPA REGION,2021-2025,5,4.2174,2.7036,6.3230,mt_per_ha,PSA-OPENSTAT-CROPS,observed
avocado,Avocado,V,REGION V (BICOL REGION),2021-2025,5,1.3824,1.1341,1.6344,mt_per_ha,PSA-OPENSTAT-CROPS,observed
azucena,Azucena,IV-A,REGION IV-A (CALABARZON),2021-2025,5,8.6214,8.1322,9.3550,mt_per_ha,PSA-OPENSTAT-CROPS,observed
azucena,Azucena,V,REGION V (BICOL REGION),2021-2025,5,0.5000,0.4500,0.5500,mt_per_ha,PSA-OPENSTAT-CROPS,observed
baby-s-breath,Baby S Breath,CAR,CORDILLERA ADMINISTRATIVE REGION (CAR),2021-2025,5,4.1842,3.4514,4.6600,mt_per_ha,PSA-OPENSTAT-CROPS,observed
baby-s-breath,Baby S Breath,MIMAROPA,MIMAROPA REGION,2021-2025,5,0.9167,0.5730,1.3360,mt_per_ha,PSA-OPENSTAT-CROPS,observed
balimbing,Balimbing,I,REGION I (ILOCOS REGION),2021-2025,5,1.1729,0.8424,1.6544,mt_per_ha,PSA-OPENSTAT-CROPS,observed
balimbing,Balimbing,II,REGION II (CAGAYAN VALLEY),2021-2025,5,0.1286,0.0721,0.2692,mt_per_ha,PSA-OPENSTAT-CROPS,observed
balimbing,Balimbing,III,REGION III (CENTRAL LUZON),2021-2025,5,2.0051,0.7959,5.8000,mt_per_ha,PSA-OPENSTAT-CROPS,observed
balimbing,Balimbing,IV-A,REGION IV-A (CALABARZON),2021-2025,5,0.7959,0.0333,2.1410,mt_per_ha,PSA-OPENSTAT-CROPS,observed
balimbing,Balimbing,MIMAROPA,MIMAROPA REGION,2021-2025,5,1.2566,0.7745,2.2640,mt_per_ha,PSA-OPENSTAT-CROPS,observed
balimbing,Balimbing,V,REGION V (BICOL REGION),2021-2025,5,2.2580,1.1835,3.1141,mt_per_ha,PSA-OPENSTAT-CROPS,observed
ballaiba,Ballaiba,I,REGION I (ILOCOS REGION),2021-2025,5,0.6239,0.5736,0.7005,mt_per_ha,PSA-OPENSTAT-CROPS,observed
banaba,Banaba,I,REGION I (ILOCOS REGION),2021-2025,5,0.0694,0.0596,0.0851,mt_per_ha,PSA-OPENSTAT-CROPS,observed
banaba,Banaba,II,REGION II (CAGAYAN VALLEY),2021-2025,5,0.9024,0.5400,1.3561,mt_per_ha,PSA-OPENSTAT-CROPS,observed
banaba,Banaba,III,REGION III (CENTRAL LUZON),2021-2025,5,1.8825,0.9300,2.8189,mt_per_ha,PSA-OPENSTAT-CROPS,observed
banaba,Banaba,IV-A,REGION IV-A (CALABARZON),2021-2025,5,2.3591,1.3565,4.1215,mt_per_ha,PSA-OPENSTAT-CROPS,observed
banaba,Banaba,MIMAROPA,MIMAROPA REGION,2021-2025,5,1.6038,1.4200,1.7839,mt_per_ha,PSA-OPENSTAT-CROPS,observed
banaba,Banaba,V,REGION V (BICOL REGION),2021-2025,5,1.5282,1.1342,1.8233,mt_per_ha,PSA-OPENSTAT-CROPS,observed
banana,Banana,CAR,CORDILLERA ADMINISTRATIVE REGION (CAR),2021-2025,5,6.9026,6.1431,7.6362,mt_per_ha,PSA-OPENSTAT-CROPS,observed
banana,Banana,I,REGION I (ILOCOS REGION),2021-2025,5,5.9430,5.6205,6.2359,mt_per_ha,PSA-OPENSTAT-CROPS,observed
banana,Banana,II,REGION II (CAGAYAN VALLEY),2021-2025,5,12.4410,11.4702,12.9248,mt_per_ha,PSA-OPENSTAT-CROPS,observed
banana,Banana,III,REGION III (CENTRAL LUZON),2021-2025,5,7.9234,7.1604,8.3831,mt_per_ha,PSA-OPENSTAT-CROPS,observed
banana,Banana,IV-A,REGION IV-A (CALABARZON),2021-2025,5,3.3262,3.1287,3.5962,mt_per_ha,PSA-OPENSTAT-CROPS,observed
banana,Banana,MIMAROPA,MIMAROPA REGION,2021-2025,5,4.0046,2.9681,5.5958,mt_per_ha,PSA-OPENSTAT-CROPS,observed
banana,Banana,V,REGION V (BICOL REGION),2021-2025,5,2.9369,2.6029,3.3666,mt_per_ha,PSA-OPENSTAT-CROPS,observed
banana-bungulan,Banana Bungulan,CAR,CORDILLERA ADMINISTRATIVE REGION (CAR),2021-2025,5,5.4014,3.9631,6.6118,mt_per_ha,PSA-OPENSTAT-CROPS,observed
banana-bungulan,Banana Bungulan,I,REGION I (ILOCOS REGION),2021-2025,5,5.7483,5.3024,6.3047,mt_per_ha,PSA-OPENSTAT-CROPS,observed
banana-bungulan,Banana Bungulan,II,REGION II (CAGAYAN VALLEY),2021-2025,5,9.5264,8.1127,10.5051,mt_per_ha,PSA-OPENSTAT-CROPS,observed
banana-bungulan,Banana Bungulan,III,REGION III (CENTRAL LUZON),2021-2025,5,5.1120,4.0425,5.9160,mt_per_ha,PSA-OPENSTAT-CROPS,observed
banana-bungulan,Banana Bungulan,IV-A,REGION IV-A (CALABARZON),2021-2025,5,1.6579,1.2560,1.9365,mt_per_ha,PSA-OPENSTAT-CROPS,observed
banana-bungulan,Banana Bungulan,MIMAROPA,MIMAROPA REGION,2021-2025,5,2.1210,1.8551,2.4891,mt_per_ha,PSA-OPENSTAT-CROPS,observed
banana-bungulan,Banana Bungulan,V,REGION V (BICOL REGION),2021-2025,5,3.8583,3.0889,4.8668,mt_per_ha,PSA-OPENSTAT-CROPS,observed
banana-cavendish,Banana Cavendish,II,REGION II (CAGAYAN VALLEY),2021-2025,5,16.9657,15.4049,17.9605,mt_per_ha,PSA-OPENSTAT-CROPS,observed
banana-cavendish,Banana Cavendish,IV-A,REGION IV-A (CALABARZON),2021-2025,5,13.2190,0.1373,26.3829,mt_per_ha,PSA-OPENSTAT-CROPS,observed
banana-lakatan,Banana Lakatan,CAR,CORDILLERA ADMINISTRATIVE REGION (CAR),2021-2025,5,7.5482,6.6536,8.2961,mt_per_ha,PSA-OPENSTAT-CROPS,observed
banana-lakatan,Banana Lakatan,I,REGION I (ILOCOS REGION),2021-2025,5,3.1169,2.6903,3.3632,mt_per_ha,PSA-OPENSTAT-CROPS,observed
banana-lakatan,Banana Lakatan,II,REGION II (CAGAYAN VALLEY),2021-2025,5,8.9807,7.9296,9.5552,mt_per_ha,PSA-OPENSTAT-CROPS,observed
banana-lakatan,Banana Lakatan,III,REGION III (CENTRAL LUZON),2021-2025,5,10.6832,9.0520,12.1945,mt_per_ha,PSA-OPENSTAT-CROPS,observed
banana-lakatan,Banana Lakatan,IV-A,REGION IV-A (CALABARZON),2021-2025,5,2.7925,2.4971,3.1207,mt_per_ha,PSA-OPENSTAT-CROPS,observed
banana-lakatan,Banana Lakatan,MIMAROPA,MIMAROPA REGION,2021-2025,5,3.1461,2.4689,3.8293,mt_per_ha,PSA-OPENSTAT-CROPS,observed
banana-lakatan,Banana Lakatan,V,REGION V (BICOL REGION),2021-2025,5,2.1873,1.9601,2.7044,mt_per_ha,PSA-OPENSTAT-CROPS,observed
banana-latundan,Banana Latundan,CAR,CORDILLERA ADMINISTRATIVE REGION (CAR),2021-2025,5,7.1403,5.9144,8.0827,mt_per_ha,PSA-OPENSTAT-CROPS,observed
banana-latundan,Banana Latundan,I,REGION I (ILOCOS REGION),2021-2025,5,5.1726,4.9405,5.3803,mt_per_ha,PSA-OPENSTAT-CROPS,observed
banana-latundan,Banana Latundan,II,REGION II (CAGAYAN VALLEY),2021-2025,5,8.3348,7.9103,8.6519,mt_per_ha,PSA-OPENSTAT-CROPS,observed
banana-latundan,Banana Latundan,III,REGION III (CENTRAL LUZON),2021-2025,5,5.5973,5.2917,6.0090,mt_per_ha,PSA-OPENSTAT-CROPS,observed
banana-latundan,Banana Latundan,IV-A,REGION IV-A (CALABARZON),2021-2025,5,3.0546,2.6041,3.4031,mt_per_ha,PSA-OPENSTAT-CROPS,observed
banana-latundan,Banana Latundan,MIMAROPA,MIMAROPA REGION,2021-2025,5,3.6474,2.8231,4.5067,mt_per_ha,PSA-OPENSTAT-CROPS,observed
banana-latundan,Banana Latundan,V,REGION V (BICOL REGION),2021-2025,5,2.9157,2.6581,3.2279,mt_per_ha,PSA-OPENSTAT-CROPS,observed
banana-others,Banana Others,CAR,CORDILLERA ADMINISTRATIVE REGION (CAR),2021-2025,5,3.4294,2.9285,4.1491,mt_per_ha,PSA-OPENSTAT-CROPS,observed
banana-others,Banana Others,I,REGION I (ILOCOS REGION),2021-2025,5,3.9672,3.7118,4.1830,mt_per_ha,PSA-OPENSTAT-CROPS,observed
banana-others,Banana Others,II,REGION II (CAGAYAN VALLEY),2021-2025,5,5.6675,5.5330,6.0191,mt_per_ha,PSA-OPENSTAT-CROPS,observed
banana-others,Banana Others,III,REGION III (CENTRAL LUZON),2021-2025,5,6.1698,5.8790,6.4353,mt_per_ha,PSA-OPENSTAT-CROPS,observed
banana-others,Banana Others,IV-A,REGION IV-A (CALABARZON),2021-2025,5,1.9479,1.7103,2.1202,mt_per_ha,PSA-OPENSTAT-CROPS,observed
banana-others,Banana Others,MIMAROPA,MIMAROPA REGION,2021-2025,5,2.4096,1.8921,3.0869,mt_per_ha,PSA-OPENSTAT-CROPS,observed
banana-others,Banana Others,V,REGION V (BICOL REGION),2021-2025,5,2.5210,1.1724,4.0417,mt_per_ha,PSA-OPENSTAT-CROPS,observed
banana-saba,Banana Saba,CAR,CORDILLERA ADMINISTRATIVE REGION (CAR),2021-2025,5,8.3872,7.8975,8.8794,mt_per_ha,PSA-OPENSTAT-CROPS,observed
banana-saba,Banana Saba,I,REGION I (ILOCOS REGION),2021-2025,5,7.4890,7.0132,7.8765,mt_per_ha,PSA-OPENSTAT-CROPS,observed
banana-saba,Banana Saba,II,REGION II (CAGAYAN VALLEY),2021-2025,5,14.8677,13.6751,15.4349,mt_per_ha,PSA-OPENSTAT-CROPS,observed
banana-saba,Banana Saba,III,REGION III (CENTRAL LUZON),2021-2025,5,9.2649,8.3544,9.9210,mt_per_ha,PSA-OPENSTAT-CROPS,observed
banana-saba,Banana Saba,IV-A,REGION IV-A (CALABARZON),2021-2025,5,3.7231,3.6108,3.9681,mt_per_ha,PSA-OPENSTAT-CROPS,observed
banana-saba,Banana Saba,MIMAROPA,MIMAROPA REGION,2021-2025,5,4.5957,3.3126,6.8450,mt_per_ha,PSA-OPENSTAT-CROPS,observed
banana-saba,Banana Saba,V,REGION V (BICOL REGION),2021-2025,5,3.1165,2.7913,3.4174,mt_per_ha,PSA-OPENSTAT-CROPS,observed
basil,Basil,CAR,CORDILLERA ADMINISTRATIVE REGION (CAR),2021-2025,5,19.2200,0.0000,94.0000,mt_per_ha,PSA-OPENSTAT-CROPS,observed
basil,Basil,III,REGION III (CENTRAL LUZON),2021-2025,5,1.9458,1.4176,2.5392,mt_per_ha,PSA-OPENSTAT-CROPS,observed
batwan,Batwan,V,REGION V (BICOL REGION),2021-2025,5,3.1450,0.3036,6.8676,mt_per_ha,PSA-OPENSTAT-CROPS,observed
beets,Beets,CAR,CORDILLERA ADMINISTRATIVE REGION (CAR),2021-2025,5,5.2878,3.8037,9.5649,mt_per_ha,PSA-OPENSTAT-CROPS,observed
betel-nut,Betel Nut,CAR,CORDILLERA ADMINISTRATIVE REGION (CAR),2021-2025,5,1.5936,1.3329,1.9954,mt_per_ha,PSA-OPENSTAT-CROPS,observed
betel-nut,Betel Nut,I,REGION I (ILOCOS REGION),2021-2025,5,0.7329,0.6466,0.8597,mt_per_ha,PSA-OPENSTAT-CROPS,observed
betel-nut,Betel Nut,II,REGION II (CAGAYAN VALLEY),2021-2025,5,4.8998,0.3103,6.4906,mt_per_ha,PSA-OPENSTAT-CROPS,observed
betel-nut,Betel Nut,III,REGION III (CENTRAL LUZON),2021-2025,5,5.3513,3.1584,6.9524,mt_per_ha,PSA-OPENSTAT-CROPS,observed
betel-nut,Betel Nut,IV-A,REGION IV-A (CALABARZON),2021-2025,5,2.1043,1.5216,2.5000,mt_per_ha,PSA-OPENSTAT-CROPS,observed
betel-nut,Betel Nut,MIMAROPA,MIMAROPA REGION,2021-2025,5,0.8786,0.7569,0.9544,mt_per_ha,PSA-OPENSTAT-CROPS,observed
betel-nut,Betel Nut,V,REGION V (BICOL REGION),2021-2025,5,0.9055,0.7006,1.0513,mt_per_ha,PSA-OPENSTAT-CROPS,observed
bignay,Bignay,CAR,CORDILLERA ADMINISTRATIVE REGION (CAR),2021-2025,5,3.1220,2.6048,3.4870,mt_per_ha,PSA-OPENSTAT-CROPS,observed
bignay,Bignay,I,REGION I (ILOCOS REGION),2021-2025,5,0.4909,0.3417,0.6179,mt_per_ha,PSA-OPENSTAT-CROPS,observed
bignay,Bignay,II,REGION II (CAGAYAN VALLEY),2021-2025,5,1.7918,1.3573,2.2299,mt_per_ha,PSA-OPENSTAT-CROPS,observed
bignay,Bignay,III,REGION III (CENTRAL LUZON),2021-2025,5,3.4958,1.6032,5.7254,mt_per_ha,PSA-OPENSTAT-CROPS,observed
bignay,Bignay,IV-A,REGION IV-A (CALABARZON),2021-2025,5,0.7366,0.6800,0.7810,mt_per_ha,PSA-OPENSTAT-CROPS,observed
bignay,Bignay,MIMAROPA,MIMAROPA REGION,2021-2025,5,1.5397,0.2500,3.3387,mt_per_ha,PSA-OPENSTAT-CROPS,observed
black-beans,Black Beans,CAR,CORDILLERA ADMINISTRATIVE REGION (CAR),2021-2025,5,1.9333,1.0587,3.4423,mt_per_ha,PSA-OPENSTAT-CROPS,observed
black-beans,Black Beans,I,REGION I (ILOCOS REGION),2021-2025,5,1.6680,1.4330,1.8350,mt_per_ha,PSA-OPENSTAT-CROPS,observed
black-beans,Black Beans,II,REGION II (CAGAYAN VALLEY),2021-2025,5,0.6368,0.3056,1.0831,mt_per_ha,PSA-OPENSTAT-CROPS,observed
black-beans,Black Beans,III,REGION III (CENTRAL LUZON),2021-2025,5,0.7000,0.6925,0.7150,mt_per_ha,PSA-OPENSTAT-CROPS,observed
blue-grass,Blue Grass,II,REGION II (CAGAYAN VALLEY),2021-2025,5,12.7250,5.5000,16.0000,mt_per_ha,PSA-OPENSTAT-CROPS,observed
blue-grass,Blue Grass,III,REGION III (CENTRAL LUZON),2021-2025,5,3.1803,1.6861,7.2492,mt_per_ha,PSA-OPENSTAT-CROPS,observed
blue-grass,Blue Grass,IV-A,REGION IV-A (CALABARZON),2021-2025,5,33.6612,31.8390,35.1700,mt_per_ha,PSA-OPENSTAT-CROPS,observed
breadfruit,Breadfruit,CAR,CORDILLERA ADMINISTRATIVE REGION (CAR),2021-2025,5,0.6977,0.5014,0.9426,mt_per_ha,PSA-OPENSTAT-CROPS,observed
breadfruit,Breadfruit,I,REGION I (ILOCOS REGION),2021-2025,5,4.3121,4.0023,4.8626,mt_per_ha,PSA-OPENSTAT-CROPS,observed
breadfruit,Breadfruit,II,REGION II (CAGAYAN VALLEY),2021-2025,5,1.4945,1.1474,1.6699,mt_per_ha,PSA-OPENSTAT-CROPS,observed
breadfruit,Breadfruit,III,REGION III (CENTRAL LUZON),2021-2025,5,1.5047,0.4038,2.3919,mt_per_ha,PSA-OPENSTAT-CROPS,observed
breadfruit,Breadfruit,MIMAROPA,MIMAROPA REGION,2021-2025,5,3.3620,3.0559,3.8081,mt_per_ha,PSA-OPENSTAT-CROPS,observed
breadfruit,Breadfruit,V,REGION V (BICOL REGION),2021-2025,5,0.4437,0.0552,0.7900,mt_per_ha,PSA-OPENSTAT-CROPS,observed
broccoli,Broccoli,CAR,CORDILLERA ADMINISTRATIVE REGION (CAR),2021-2025,5,16.1456,14.3037,17.3275,mt_per_ha,PSA-OPENSTAT-CROPS,observed
broccoli,Broccoli,II,REGION II (CAGAYAN VALLEY),2021-2025,5,1.9190,1.1803,2.3495,mt_per_ha,PSA-OPENSTAT-CROPS,observed
bromeliad,Bromeliad,II,REGION II (CAGAYAN VALLEY),2021-2025,5,15.0415,8.9474,22.8194,mt_per_ha,PSA-OPENSTAT-CROPS,observed
bromeliad,Bromeliad,IV-A,REGION IV-A (CALABARZON),2021-2025,5,17.0481,16.4723,17.5823,mt_per_ha,PSA-OPENSTAT-CROPS,observed
bromeliad,Bromeliad,V,REGION V (BICOL REGION),2021-2025,5,9.4681,8.1667,12.0545,mt_per_ha,PSA-OPENSTAT-CROPS,observed
cabbage,Cabbage,CAR,CORDILLERA ADMINISTRATIVE REGION (CAR),2021-2025,5,20.0168,19.3088,20.7390,mt_per_ha,PSA-OPENSTAT-CROPS,observed
cabbage,Cabbage,I,REGION I (ILOCOS REGION),2021-2025,5,9.5173,9.2251,9.7631,mt_per_ha,PSA-OPENSTAT-CROPS,observed
cabbage,Cabbage,II,REGION II (CAGAYAN VALLEY),2021-2025,5,6.7439,5.5207,8.2828,mt_per_ha,PSA-OPENSTAT-CROPS,observed
cabbage,Cabbage,IV-A,REGION IV-A (CALABARZON),2021-2025,5,6.0386,4.9257,7.3722,mt_per_ha,PSA-OPENSTAT-CROPS,observed
cabbage,Cabbage,MIMAROPA,MIMAROPA REGION,2021-2025,5,1.9943,1.5000,2.5714,mt_per_ha,PSA-OPENSTAT-CROPS,observed
cabbage,Cabbage,V,REGION V (BICOL REGION),2021-2025,5,9.0417,2.6927,15.3111,mt_per_ha,PSA-OPENSTAT-CROPS,observed
cacao,Cacao,CAR,CORDILLERA ADMINISTRATIVE REGION (CAR),2021-2025,5,0.7334,0.6499,0.8896,mt_per_ha,PSA-OPENSTAT-CROPS,observed
cacao,Cacao,I,REGION I (ILOCOS REGION),2021-2025,5,0.3661,0.3514,0.3824,mt_per_ha,PSA-OPENSTAT-CROPS,observed
cacao,Cacao,II,REGION II (CAGAYAN VALLEY),2021-2025,5,0.1944,0.1549,0.2103,mt_per_ha,PSA-OPENSTAT-CROPS,observed
cacao,Cacao,III,REGION III (CENTRAL LUZON),2021-2025,5,0.8458,0.2208,1.2390,mt_per_ha,PSA-OPENSTAT-CROPS,observed
cacao,Cacao,IV-A,REGION IV-A (CALABARZON),2021-2025,5,0.4150,0.0517,1.0522,mt_per_ha,PSA-OPENSTAT-CROPS,observed
cacao,Cacao,MIMAROPA,MIMAROPA REGION,2021-2025,5,0.3668,0.2270,0.5655,mt_per_ha,PSA-OPENSTAT-CROPS,observed
cacao,Cacao,V,REGION V (BICOL REGION),2021-2025,5,0.3425,0.1290,0.5976,mt_per_ha,PSA-OPENSTAT-CROPS,observed
cactus,Cactus,II,REGION II (CAGAYAN VALLEY),2021-2025,5,7.4515,4.0000,14.0909,mt_per_ha,PSA-OPENSTAT-CROPS,observed
cactus,Cactus,III,REGION III (CENTRAL LUZON),2021-2025,5,2.7474,2.6842,2.8421,mt_per_ha,PSA-OPENSTAT-CROPS,observed
cactus,Cactus,IV-A,REGION IV-A (CALABARZON),2021-2025,5,5.9933,5.5667,6.4667,mt_per_ha,PSA-OPENSTAT-CROPS,observed
cactus,Cactus,MIMAROPA,MIMAROPA REGION,2021-2025,5,101.0000,94.0000,118.0000,mt_per_ha,PSA-OPENSTAT-CROPS,observed
calachuci,Calachuci,I,REGION I (ILOCOS REGION),2021-2025,5,0.0900,0.0847,0.0932,mt_per_ha,PSA-OPENSTAT-CROPS,observed
calachuci,Calachuci,II,REGION II (CAGAYAN VALLEY),2021-2025,5,0.6456,0.6039,0.6667,mt_per_ha,PSA-OPENSTAT-CROPS,observed
calachuci,Calachuci,III,REGION III (CENTRAL LUZON),2021-2025,5,2.6485,0.9665,4.8917,mt_per_ha,PSA-OPENSTAT-CROPS,observed
calachuci,Calachuci,IV-A,REGION IV-A (CALABARZON),2021-2025,5,5.3900,4.7500,5.8250,mt_per_ha,PSA-OPENSTAT-CROPS,observed
calachuci,Calachuci,V,REGION V (BICOL REGION),2021-2025,5,0.7200,0.2000,2.2000,mt_per_ha,PSA-OPENSTAT-CROPS,observed
calamansi,Calamansi,CAR,CORDILLERA ADMINISTRATIVE REGION (CAR),2021-2025,5,5.6512,4.0877,6.8757,mt_per_ha,PSA-OPENSTAT-CROPS,observed
calamansi,Calamansi,I,REGION I (ILOCOS REGION),2021-2025,5,3.2363,2.9568,3.6378,mt_per_ha,PSA-OPENSTAT-CROPS,observed
calamansi,Calamansi,II,REGION II (CAGAYAN VALLEY),2021-2025,5,4.0341,3.9227,4.1583,mt_per_ha,PSA-OPENSTAT-CROPS,observed
calamansi,Calamansi,III,REGION III (CENTRAL LUZON),2021-2025,5,7.9100,7.3468,8.4626,mt_per_ha,PSA-OPENSTAT-CROPS,observed
calamansi,Calamansi,IV-A,REGION IV-A (CALABARZON),2021-2025,5,6.1798,4.2004,6.8292,mt_per_ha,PSA-OPENSTAT-CROPS,observed
calamansi,Calamansi,MIMAROPA,MIMAROPA REGION,2021-2025,5,5.8164,5.5185,6.2213,mt_per_ha,PSA-OPENSTAT-CROPS,observed
calamansi,Calamansi,V,REGION V (BICOL REGION),2021-2025,5,2.5199,1.6425,4.1116,mt_per_ha,PSA-OPENSTAT-CROPS,observed
camangeg,Camangeg,I,REGION I (ILOCOS REGION),2021-2025,5,5.0781,2.7596,8.2768,mt_per_ha,PSA-OPENSTAT-CROPS,observed
camatchili,Camatchili,I,REGION I (ILOCOS REGION),2021-2025,5,0.2350,0.2169,0.2530,mt_per_ha,PSA-OPENSTAT-CROPS,observed
camatchili,Camatchili,II,REGION II (CAGAYAN VALLEY),2021-2025,5,0.2673,0.2500,0.2809,mt_per_ha,PSA-OPENSTAT-CROPS,observed
camatchili,Camatchili,III,REGION III (CENTRAL LUZON),2021-2025,5,0.3419,0.2388,0.4125,mt_per_ha,PSA-OPENSTAT-CROPS,observed
camatchili,Camatchili,IV-A,REGION IV-A (CALABARZON),2021-2025,5,0.1372,0.1022,0.2538,mt_per_ha,PSA-OPENSTAT-CROPS,observed
camatchili,Camatchili,MIMAROPA,MIMAROPA REGION,2021-2025,5,2.7488,1.6000,3.6111,mt_per_ha,PSA-OPENSTAT-CROPS,observed
camote-sweet-potato,Camote Sweet Potato,CAR,CORDILLERA ADMINISTRATIVE REGION (CAR),2021-2025,5,7.2022,6.5968,7.7476,mt_per_ha,PSA-OPENSTAT-CROPS,observed
camote-sweet-potato,Camote Sweet Potato,I,REGION I (ILOCOS REGION),2021-2025,5,5.3348,5.1762,5.5317,mt_per_ha,PSA-OPENSTAT-CROPS,observed
camote-sweet-potato,Camote Sweet Potato,II,REGION II (CAGAYAN VALLEY),2021-2025,5,6.4530,5.4369,7.3064,mt_per_ha,PSA-OPENSTAT-CROPS,observed
camote-sweet-potato,Camote Sweet Potato,III,REGION III (CENTRAL LUZON),2021-2025,5,7.9495,6.7148,9.1823,mt_per_ha,PSA-OPENSTAT-CROPS,observed
camote-sweet-potato,Camote Sweet Potato,IV-A,REGION IV-A (CALABARZON),2021-2025,5,7.3534,6.9794,7.6187,mt_per_ha,PSA-OPENSTAT-CROPS,observed
camote-sweet-potato,Camote Sweet Potato,MIMAROPA,MIMAROPA REGION,2021-2025,5,6.6777,5.0161,8.1778,mt_per_ha,PSA-OPENSTAT-CROPS,observed
camote-sweet-potato,Camote Sweet Potato,V,REGION V (BICOL REGION),2021-2025,5,5.1190,4.3342,5.7026,mt_per_ha,PSA-OPENSTAT-CROPS,observed
canistel,Canistel,CAR,CORDILLERA ADMINISTRATIVE REGION (CAR),2021-2025,5,0.8705,0.4993,1.6636,mt_per_ha,PSA-OPENSTAT-CROPS,observed
canistel,Canistel,I,REGION I (ILOCOS REGION),2021-2025,5,0.6239,0.2297,1.1496,mt_per_ha,PSA-OPENSTAT-CROPS,observed
canistel,Canistel,II,REGION II (CAGAYAN VALLEY),2021-2025,5,0.7979,0.2750,1.0273,mt_per_ha,PSA-OPENSTAT-CROPS,observed
canistel,Canistel,III,REGION III (CENTRAL LUZON),2021-2025,5,2.9590,1.7920,4.0572,mt_per_ha,PSA-OPENSTAT-CROPS,observed
canistel,Canistel,IV-A,REGION IV-A (CALABARZON),2021-2025,5,0.6286,0.1398,0.8243,mt_per_ha,PSA-OPENSTAT-CROPS,observed
canistel,Canistel,MIMAROPA,MIMAROPA REGION,2021-2025,5,0.4027,0.2888,0.5509,mt_per_ha,PSA-OPENSTAT-CROPS,observed
canistel,Canistel,V,REGION V (BICOL REGION),2021-2025,5,1.1677,0.7463,1.7228,mt_per_ha,PSA-OPENSTAT-CROPS,observed
carabao-grass,Carabao Grass,II,REGION II (CAGAYAN VALLEY),2021-2025,5,9.6383,6.1732,14.8270,mt_per_ha,PSA-OPENSTAT-CROPS,observed
carabao-grass,Carabao Grass,III,REGION III (CENTRAL LUZON),2021-2025,5,3.7257,2.9114,3.9671,mt_per_ha,PSA-OPENSTAT-CROPS,observed
carabao-grass,Carabao Grass,IV-A,REGION IV-A (CALABARZON),2021-2025,5,20.9119,18.1667,22.2233,mt_per_ha,PSA-OPENSTAT-CROPS,observed
carnation,Carnation,CAR,CORDILLERA ADMINISTRATIVE REGION (CAR),2021-2025,5,9.4185,8.0000,10.4425,mt_per_ha,PSA-OPENSTAT-CROPS,observed
carnation,Carnation,MIMAROPA,MIMAROPA REGION,2021-2025,5,2.7950,2.5692,2.9769,mt_per_ha,PSA-OPENSTAT-CROPS,observed
carrot,Carrot,CAR,CORDILLERA ADMINISTRATIVE REGION (CAR),2021-2025,5,18.3648,17.6583,19.0496,mt_per_ha,PSA-OPENSTAT-CROPS,observed
carrot,Carrot,II,REGION II (CAGAYAN VALLEY),2021-2025,5,6.5486,5.0936,7.7904,mt_per_ha,PSA-OPENSTAT-CROPS,observed
carrot,Carrot,IV-A,REGION IV-A (CALABARZON),2021-2025,5,4.9591,2.6256,11.5100,mt_per_ha,PSA-OPENSTAT-CROPS,observed
cashew,Cashew,I,REGION I (ILOCOS REGION),2021-2025,5,1.1712,0.9839,1.3382,mt_per_ha,PSA-OPENSTAT-CROPS,observed
cashew,Cashew,II,REGION II (CAGAYAN VALLEY),2021-2025,5,0.8438,0.7978,0.8597,mt_per_ha,PSA-OPENSTAT-CROPS,observed
cashew,Cashew,III,REGION III (CENTRAL LUZON),2021-2025,5,2.5670,1.5206,3.4459,mt_per_ha,PSA-OPENSTAT-CROPS,observed
cashew,Cashew,IV-A,REGION IV-A (CALABARZON),2021-2025,5,0.5598,0.4248,0.7980,mt_per_ha,PSA-OPENSTAT-CROPS,observed
cashew,Cashew,MIMAROPA,MIMAROPA REGION,2021-2025,5,6.2293,5.2626,9.2009,mt_per_ha,PSA-OPENSTAT-CROPS,observed
cassava-for-food-fresh-tubers,Cassava For Food Fresh Tubers,CAR,CORDILLERA ADMINISTRATIVE REGION (CAR),2021-2025,5,6.4045,5.1440,7.5034,mt_per_ha,PSA-OPENSTAT-CROPS,observed
cassava-for-food-fresh-tubers,Cassava For Food Fresh Tubers,I,REGION I (ILOCOS REGION),2021-2025,5,9.0609,8.6427,9.9314,mt_per_ha,PSA-OPENSTAT-CROPS,observed
cassava-for-food-fresh-tubers,Cassava For Food Fresh Tubers,II,REGION II (CAGAYAN VALLEY),2021-2025,5,8.8142,8.3159,8.9959,mt_per_ha,PSA-OPENSTAT-CROPS,observed
cassava-for-food-fresh-tubers,Cassava For Food Fresh Tubers,III,REGION III (CENTRAL LUZON),2021-2025,5,8.9994,8.0502,10.0157,mt_per_ha,PSA-OPENSTAT-CROPS,observed
cassava-for-food-fresh-tubers,Cassava For Food Fresh Tubers,IV-A,REGION IV-A (CALABARZON),2021-2025,5,5.7199,5.4171,5.9354,mt_per_ha,PSA-OPENSTAT-CROPS,observed
cassava-for-food-fresh-tubers,Cassava For Food Fresh Tubers,MIMAROPA,MIMAROPA REGION,2021-2025,5,7.5700,5.0062,9.9051,mt_per_ha,PSA-OPENSTAT-CROPS,observed
cassava-for-food-fresh-tubers,Cassava For Food Fresh Tubers,V,REGION V (BICOL REGION),2021-2025,5,2.8194,1.6757,3.3986,mt_per_ha,PSA-OPENSTAT-CROPS,observed
cassava-for-industrial-use-fresh-tubers,Cassava For Industrial Use Fresh Tubers,CAR,CORDILLERA ADMINISTRATIVE REGION (CAR),2021-2025,5,26.0817,23.6829,29.3337,mt_per_ha,PSA-OPENSTAT-CROPS,observed
cassava-for-industrial-use-fresh-tubers,Cassava For Industrial Use Fresh Tubers,II,REGION II (CAGAYAN VALLEY),2021-2025,5,15.6911,15.2386,16.2837,mt_per_ha,PSA-OPENSTAT-CROPS,observed
cassava-for-industrial-use-fresh-tubers,Cassava For Industrial Use Fresh Tubers,III,REGION III (CENTRAL LUZON),2021-2025,5,12.4620,8.9303,14.7961,mt_per_ha,PSA-OPENSTAT-CROPS,observed
cassava-for-industrial-use-fresh-tubers,Cassava For Industrial Use Fresh Tubers,MIMAROPA,MIMAROPA REGION,2021-2025,5,9.3645,6.1948,12.0110,mt_per_ha,PSA-OPENSTAT-CROPS,observed
cassava-for-industrial-use-fresh-tubers,Cassava For Industrial Use Fresh Tubers,V,REGION V (BICOL REGION),2021-2025,5,4.7052,1.6321,7.1802,mt_per_ha,PSA-OPENSTAT-CROPS,observed
cassava-fresh-tubers,Cassava Fresh Tubers,CAR,CORDILLERA ADMINISTRATIVE REGION (CAR),2021-2025,5,20.2029,18.2585,21.5052,mt_per_ha,PSA-OPENSTAT-CROPS,observed
cassava-fresh-tubers,Cassava Fresh Tubers,I,REGION I (ILOCOS REGION),2021-2025,5,9.0609,8.6427,9.9314,mt_per_ha,PSA-OPENSTAT-CROPS,observed
cassava-fresh-tubers,Cassava Fresh Tubers,II,REGION II (CAGAYAN VALLEY),2021-2025,5,14.6951,14.3610,15.1381,mt_per_ha,PSA-OPENSTAT-CROPS,observed
cassava-fresh-tubers,Cassava Fresh Tubers,III,REGION III (CENTRAL LUZON),2021-2025,5,10.0742,8.4868,11.3777,mt_per_ha,PSA-OPENSTAT-CROPS,observed
cassava-fresh-tubers,Cassava Fresh Tubers,IV-A,REGION IV-A (CALABARZON),2021-2025,5,5.7199,5.4171,5.9354,mt_per_ha,PSA-OPENSTAT-CROPS,observed
cassava-fresh-tubers,Cassava Fresh Tubers,MIMAROPA,MIMAROPA REGION,2021-2025,5,7.6997,5.1139,10.0106,mt_per_ha,PSA-OPENSTAT-CROPS,observed
cassava-fresh-tubers,Cassava Fresh Tubers,V,REGION V (BICOL REGION),2021-2025,5,2.9455,1.6757,3.5587,mt_per_ha,PSA-OPENSTAT-CROPS,observed
castor-beans,Castor Beans,II,REGION II (CAGAYAN VALLEY),2021-2025,5,0.2611,0.2300,0.3150,mt_per_ha,PSA-OPENSTAT-CROPS,observed
cauliflower,Cauliflower,CAR,CORDILLERA ADMINISTRATIVE REGION (CAR),2021-2025,5,15.9917,13.9433,19.4058,mt_per_ha,PSA-OPENSTAT-CROPS,observed
cauliflower,Cauliflower,I,REGION I (ILOCOS REGION),2021-2025,5,11.3075,10.8749,11.9517,mt_per_ha,PSA-OPENSTAT-CROPS,observed
cauliflower,Cauliflower,II,REGION II (CAGAYAN VALLEY),2021-2025,5,2.8296,2.5816,2.9925,mt_per_ha,PSA-OPENSTAT-CROPS,observed
celery,Celery,CAR,CORDILLERA ADMINISTRATIVE REGION (CAR),2021-2025,5,9.8201,8.3586,11.2531,mt_per_ha,PSA-OPENSTAT-CROPS,observed
celery,Celery,II,REGION II (CAGAYAN VALLEY),2021-2025,5,0.8425,0.6483,0.9838,mt_per_ha,PSA-OPENSTAT-CROPS,observed
celery,Celery,IV-A,REGION IV-A (CALABARZON),2021-2025,5,2.1930,1.1881,3.0000,mt_per_ha,PSA-OPENSTAT-CROPS,observed
chayote-fruit,Chayote Fruit,CAR,CORDILLERA ADMINISTRATIVE REGION (CAR),2021-2025,5,26.3805,20.4301,35.8697,mt_per_ha,PSA-OPENSTAT-CROPS,observed
chayote-fruit,Chayote Fruit,I,REGION I (ILOCOS REGION),2021-2025,5,15.7527,9.2281,25.1081,mt_per_ha,PSA-OPENSTAT-CROPS,observed
chayote-fruit,Chayote Fruit,II,REGION II (CAGAYAN VALLEY),2021-2025,5,8.3586,6.7820,9.6745,mt_per_ha,PSA-OPENSTAT-CROPS,observed
chayote-fruit,Chayote Fruit,IV-A,REGION IV-A (CALABARZON),2021-2025,5,5.8322,5.0238,7.7110,mt_per_ha,PSA-OPENSTAT-CROPS,observed
chayote-fruit,Chayote Fruit,MIMAROPA,MIMAROPA REGION,2021-2025,5,3.7230,2.7277,5.6013,mt_per_ha,PSA-OPENSTAT-CROPS,observed
chayote-fruit,Chayote Fruit,V,REGION V (BICOL REGION),2021-2025,5,8.4997,7.7312,10.3901,mt_per_ha,PSA-OPENSTAT-CROPS,observed
chico,Chico,CAR,CORDILLERA ADMINISTRATIVE REGION (CAR),2021-2025,5,0.9149,0.6511,1.1280,mt_per_ha,PSA-OPENSTAT-CROPS,observed
chico,Chico,I,REGION I (ILOCOS REGION),2021-2025,5,2.5562,2.0081,2.9353,mt_per_ha,PSA-OPENSTAT-CROPS,observed
chico,Chico,II,REGION II (CAGAYAN VALLEY),2021-2025,5,1.7914,1.5511,1.9454,mt_per_ha,PSA-OPENSTAT-CROPS,observed
chico,Chico,III,REGION III (CENTRAL LUZON),2021-2025,5,3.7061,2.9445,4.1303,mt_per_ha,PSA-OPENSTAT-CROPS,observed
chico,Chico,IV-A,REGION IV-A (CALABARZON),2021-2025,5,0.6787,0.6601,0.6929,mt_per_ha,PSA-OPENSTAT-CROPS,observed
chico,Chico,MIMAROPA,MIMAROPA REGION,2021-2025,5,3.1356,2.8523,3.4124,mt_per_ha,PSA-OPENSTAT-CROPS,observed
chico,Chico,V,REGION V (BICOL REGION),2021-2025,5,2.7849,0.4530,4.8065,mt_per_ha,PSA-OPENSTAT-CROPS,observed
chili-pepper-fruit-siling-labuyo,Chili Pepper Fruit Siling Labuyo,CAR,CORDILLERA ADMINISTRATIVE REGION (CAR),2021-2025,5,2.8741,2.3242,3.5109,mt_per_ha,PSA-OPENSTAT-CROPS,observed
chili-pepper-fruit-siling-labuyo,Chili Pepper Fruit Siling Labuyo,I,REGION I (ILOCOS REGION),2021-2025,5,2.6337,2.4381,2.7656,mt_per_ha,PSA-OPENSTAT-CROPS,observed
chili-pepper-fruit-siling-labuyo,Chili Pepper Fruit Siling Labuyo,II,REGION II (CAGAYAN VALLEY),2021-2025,5,1.6281,1.0258,2.0304,mt_per_ha,PSA-OPENSTAT-CROPS,observed
chili-pepper-fruit-siling-labuyo,Chili Pepper Fruit Siling Labuyo,III,REGION III (CENTRAL LUZON),2021-2025,5,3.3255,3.0019,3.7274,mt_per_ha,PSA-OPENSTAT-CROPS,observed
chili-pepper-fruit-siling-labuyo,Chili Pepper Fruit Siling Labuyo,IV-A,REGION IV-A (CALABARZON),2021-2025,5,6.6206,5.9956,7.1314,mt_per_ha,PSA-OPENSTAT-CROPS,observed
chili-pepper-fruit-siling-labuyo,Chili Pepper Fruit Siling Labuyo,MIMAROPA,MIMAROPA REGION,2021-2025,5,2.1217,1.1635,3.8651,mt_per_ha,PSA-OPENSTAT-CROPS,observed
chili-pepper-fruit-siling-labuyo,Chili Pepper Fruit Siling Labuyo,V,REGION V (BICOL REGION),2021-2025,5,3.2449,0.4579,7.3635,mt_per_ha,PSA-OPENSTAT-CROPS,observed
chinese-cabbage-wongbok-pechay-baguio,Chinese Cabbage Wongbok Pechay Baguio,CAR,CORDILLERA ADMINISTRATIVE REGION (CAR),2021-2025,5,17.5635,16.7016,18.6171,mt_per_ha,PSA-OPENSTAT-CROPS,observed
chinese-cabbage-wongbok-pechay-baguio,Chinese Cabbage Wongbok Pechay Baguio,II,REGION II (CAGAYAN VALLEY),2021-2025,5,4.7459,3.7273,5.5635,mt_per_ha,PSA-OPENSTAT-CROPS,observed
chinese-cabbage-wongbok-pechay-baguio,Chinese Cabbage Wongbok Pechay Baguio,III,REGION III (CENTRAL LUZON),2021-2025,5,2.7284,2.4038,2.9231,mt_per_ha,PSA-OPENSTAT-CROPS,observed
chinese-cabbage-wongbok-pechay-baguio,Chinese Cabbage Wongbok Pechay Baguio,IV-A,REGION IV-A (CALABARZON),2021-2025,5,6.0218,5.1285,7.6297,mt_per_ha,PSA-OPENSTAT-CROPS,observed
chives,Chives,III,REGION III (CENTRAL LUZON),2021-2025,5,0.8140,0.6667,0.9706,mt_per_ha,PSA-OPENSTAT-CROPS,observed
chrysanthemum,Chrysanthemum,CAR,CORDILLERA ADMINISTRATIVE REGION (CAR),2021-2025,5,29.9587,23.2526,39.2363,mt_per_ha,PSA-OPENSTAT-CROPS,observed
chrysanthemum,Chrysanthemum,I,REGION I (ILOCOS REGION),2021-2025,5,0.6750,0.5000,0.8750,mt_per_ha,PSA-OPENSTAT-CROPS,observed
chrysanthemum,Chrysanthemum,II,REGION II (CAGAYAN VALLEY),2021-2025,5,12.2086,11.4400,13.5563,mt_per_ha,PSA-OPENSTAT-CROPS,observed
chrysanthemum,Chrysanthemum,IV-A,REGION IV-A (CALABARZON),2021-2025,5,16.1785,8.3148,27.5577,mt_per_ha,PSA-OPENSTAT-CROPS,observed
chrysanthemum,Chrysanthemum,MIMAROPA,MIMAROPA REGION,2021-2025,5,6.6167,5.8333,7.3750,mt_per_ha,PSA-OPENSTAT-CROPS,observed
chrysanthemum,Chrysanthemum,V,REGION V (BICOL REGION),2021-2025,5,4.3002,3.3724,6.2247,mt_per_ha,PSA-OPENSTAT-CROPS,observed
cogon,Cogon,CAR,CORDILLERA ADMINISTRATIVE REGION (CAR),2021-2025,5,0.1738,0.0708,0.2730,mt_per_ha,PSA-OPENSTAT-CROPS,observed
cogon,Cogon,I,REGION I (ILOCOS REGION),2021-2025,5,0.8873,0.6796,1.0759,mt_per_ha,PSA-OPENSTAT-CROPS,observed
cogon,Cogon,II,REGION II (CAGAYAN VALLEY),2021-2025,5,4.1634,3.5360,4.4707,mt_per_ha,PSA-OPENSTAT-CROPS,observed
cogon,Cogon,III,REGION III (CENTRAL LUZON),2021-2025,5,1.8284,0.9678,2.4271,mt_per_ha,PSA-OPENSTAT-CROPS,observed
cogon,Cogon,IV-A,REGION IV-A (CALABARZON),2021-2025,5,3.3718,2.1754,4.2538,mt_per_ha,PSA-OPENSTAT-CROPS,observed
cogon,Cogon,MIMAROPA,MIMAROPA REGION,2021-2025,5,1.0319,0.6138,1.9897,mt_per_ha,PSA-OPENSTAT-CROPS,observed
corn,Corn,CAR,CORDILLERA ADMINISTRATIVE REGION (CAR),2021-2025,5,3.4753,3.1703,3.7021,mt_per_ha,PSA-OPENSTAT-CROPS,observed
corn,Corn,I,REGION I (ILOCOS REGION),2021-2025,5,5.9801,5.9655,6.0108,mt_per_ha,PSA-OPENSTAT-CROPS,observed
corn,Corn,II,REGION II (CAGAYAN VALLEY),2021-2025,5,4.4420,4.3684,4.4880,mt_per_ha,PSA-OPENSTAT-CROPS,observed
corn,Corn,III,REGION III (CENTRAL LUZON),2021-2025,5,6.0262,5.8560,6.1861,mt_per_ha,PSA-OPENSTAT-CROPS,observed
corn,Corn,IV-A,REGION IV-A (CALABARZON),2021-2025,5,2.7075,2.6511,2.7942,mt_per_ha,PSA-OPENSTAT-CROPS,observed
corn,Corn,MIMAROPA,MIMAROPA REGION,2021-2025,5,4.2686,3.9307,4.8400,mt_per_ha,PSA-OPENSTAT-CROPS,observed
corn,Corn,V,REGION V (BICOL REGION),2021-2025,5,2.7141,2.5941,2.8715,mt_per_ha,PSA-OPENSTAT-CROPS,observed
cotton,Cotton,I,REGION I (ILOCOS REGION),2021-2025,5,0.7733,0.5608,0.9052,mt_per_ha,PSA-OPENSTAT-CROPS,observed
cowpea,Cowpea,CAR,CORDILLERA ADMINISTRATIVE REGION (CAR),2021-2025,5,1.3333,1.0307,1.5408,mt_per_ha,PSA-OPENSTAT-CROPS,observed
cowpea,Cowpea,I,REGION I (ILOCOS REGION),2021-2025,5,3.8189,3.2776,4.1918,mt_per_ha,PSA-OPENSTAT-CROPS,observed
cowpea,Cowpea,II,REGION II (CAGAYAN VALLEY),2021-2025,5,2.5596,2.4411,2.7402,mt_per_ha,PSA-OPENSTAT-CROPS,observed
cowpea,Cowpea,III,REGION III (CENTRAL LUZON),2021-2025,5,2.3070,1.5190,2.7287,mt_per_ha,PSA-OPENSTAT-CROPS,observed
cowpea,Cowpea,IV-A,REGION IV-A (CALABARZON),2021-2025,5,2.8353,0.6168,4.6060,mt_per_ha,PSA-OPENSTAT-CROPS,observed
cowpea,Cowpea,V,REGION V (BICOL REGION),2021-2025,5,1.0712,0.2341,3.4318,mt_per_ha,PSA-OPENSTAT-CROPS,observed
cowpea-dry,Cowpea Dry,CAR,CORDILLERA ADMINISTRATIVE REGION (CAR),2021-2025,5,1.0238,0.7454,1.2962,mt_per_ha,PSA-OPENSTAT-CROPS,observed
cowpea-dry,Cowpea Dry,I,REGION I (ILOCOS REGION),2021-2025,5,1.5555,1.4249,1.7669,mt_per_ha,PSA-OPENSTAT-CROPS,observed
cowpea-dry,Cowpea Dry,II,REGION II (CAGAYAN VALLEY),2021-2025,5,1.1183,1.0987,1.1387,mt_per_ha,PSA-OPENSTAT-CROPS,observed
cowpea-dry,Cowpea Dry,V,REGION V (BICOL REGION),2021-2025,5,1.1930,0.2402,4.6667,mt_per_ha,PSA-OPENSTAT-CROPS,observed
cowpea-green,Cowpea Green,CAR,CORDILLERA ADMINISTRATIVE REGION (CAR),2021-2025,5,2.9391,2.6917,3.5298,mt_per_ha,PSA-OPENSTAT-CROPS,observed
cowpea-green,Cowpea Green,I,REGION I (ILOCOS REGION),2021-2025,5,3.9772,3.3932,4.3668,mt_per_ha,PSA-OPENSTAT-CROPS,observed
cowpea-green,Cowpea Green,II,REGION II (CAGAYAN VALLEY),2021-2025,5,3.3569,3.2303,3.6853,mt_per_ha,PSA-OPENSTAT-CROPS,observed
cowpea-green,Cowpea Green,III,REGION III (CENTRAL LUZON),2021-2025,5,2.3070,1.5190,2.7287,mt_per_ha,PSA-OPENSTAT-CROPS,observed
cowpea-green,Cowpea Green,IV-A,REGION IV-A (CALABARZON),2021-2025,5,2.8353,0.6168,4.6060,mt_per_ha,PSA-OPENSTAT-CROPS,observed
cowpea-green,Cowpea Green,V,REGION V (BICOL REGION),2021-2025,5,1.0896,0.2096,2.4405,mt_per_ha,PSA-OPENSTAT-CROPS,observed
cucumber,Cucumber,CAR,CORDILLERA ADMINISTRATIVE REGION (CAR),2021-2025,5,11.8831,10.0144,14.7228,mt_per_ha,PSA-OPENSTAT-CROPS,observed
cucumber,Cucumber,I,REGION I (ILOCOS REGION),2021-2025,5,5.4263,4.7122,6.0896,mt_per_ha,PSA-OPENSTAT-CROPS,observed
cucumber,Cucumber,II,REGION II (CAGAYAN VALLEY),2021-2025,5,7.4263,7.1060,7.7680,mt_per_ha,PSA-OPENSTAT-CROPS,observed
cucumber,Cucumber,III,REGION III (CENTRAL LUZON),2021-2025,5,13.7308,11.9673,18.1197,mt_per_ha,PSA-OPENSTAT-CROPS,observed
cucumber,Cucumber,IV-A,REGION IV-A (CALABARZON),2021-2025,5,10.3513,7.8634,13.1252,mt_per_ha,PSA-OPENSTAT-CROPS,observed
cucumber,Cucumber,MIMAROPA,MIMAROPA REGION,2021-2025,5,2.9064,2.3977,3.2338,mt_per_ha,PSA-OPENSTAT-CROPS,observed
cucumber,Cucumber,V,REGION V (BICOL REGION),2021-2025,5,3.1841,2.6198,3.5269,mt_per_ha,PSA-OPENSTAT-CROPS,observed
d-marginata-tricolor,D Marginata Tricolor,IV-A,REGION IV-A (CALABARZON),2021-2025,5,11.2180,8.3900,19.2000,mt_per_ha,PSA-OPENSTAT-CROPS,observed
d-sanderiana-white-whitecorn,D Sanderiana White Whitecorn,IV-A,REGION IV-A (CALABARZON),2021-2025,5,38.0862,33.0360,48.0950,mt_per_ha,PSA-OPENSTAT-CROPS,observed
d-sanderiana-yellow,D Sanderiana Yellow,IV-A,REGION IV-A (CALABARZON),2021-2025,5,21.8240,17.6100,37.4200,mt_per_ha,PSA-OPENSTAT-CROPS,observed
dahlia,Dahlia,II,REGION II (CAGAYAN VALLEY),2021-2025,5,1.1744,0.1385,2.6667,mt_per_ha,PSA-OPENSTAT-CROPS,observed
dahlia,Dahlia,MIMAROPA,MIMAROPA REGION,2021-2025,5,2.4733,2.2727,2.6364,mt_per_ha,PSA-OPENSTAT-CROPS,observed
dahlia,Dahlia,V,REGION V (BICOL REGION),2021-2025,5,0.1267,0.1000,0.1333,mt_per_ha,PSA-OPENSTAT-CROPS,observed
daisy,Daisy,CAR,CORDILLERA ADMINISTRATIVE REGION (CAR),2021-2025,5,12.4380,10.1500,15.6800,mt_per_ha,PSA-OPENSTAT-CROPS,observed
daisy,Daisy,II,REGION II (CAGAYAN VALLEY),2021-2025,5,2.0784,1.6071,2.6860,mt_per_ha,PSA-OPENSTAT-CROPS,observed
daisy,Daisy,IV-A,REGION IV-A (CALABARZON),2021-2025,5,1.1733,0.4421,1.8587,mt_per_ha,PSA-OPENSTAT-CROPS,observed
daisy,Daisy,MIMAROPA,MIMAROPA REGION,2021-2025,5,2.2455,0.4309,3.6277,mt_per_ha,PSA-OPENSTAT-CROPS,observed
daisy,Daisy,V,REGION V (BICOL REGION),2021-2025,5,3.4133,1.7131,5.5170,mt_per_ha,PSA-OPENSTAT-CROPS,observed
dragon-fruit,Dragon Fruit,CAR,CORDILLERA ADMINISTRATIVE REGION (CAR),2021-2025,5,14.0843,8.5554,32.3235,mt_per_ha,PSA-OPENSTAT-CROPS,observed
dragon-fruit,Dragon Fruit,I,REGION I (ILOCOS REGION),2021-2025,5,3.3430,2.8582,3.7610,mt_per_ha,PSA-OPENSTAT-CROPS,observed
dragon-fruit,Dragon Fruit,II,REGION II (CAGAYAN VALLEY),2021-2025,5,3.1317,3.0026,3.3379,mt_per_ha,PSA-OPENSTAT-CROPS,observed
dragon-fruit,Dragon Fruit,III,REGION III (CENTRAL LUZON),2021-2025,5,5.9120,2.6933,7.2615,mt_per_ha,PSA-OPENSTAT-CROPS,observed
dragon-fruit,Dragon Fruit,IV-A,REGION IV-A (CALABARZON),2021-2025,5,3.8453,3.2325,4.6504,mt_per_ha,PSA-OPENSTAT-CROPS,observed
dragon-fruit,Dragon Fruit,MIMAROPA,MIMAROPA REGION,2021-2025,5,0.5084,0.0400,1.0887,mt_per_ha,PSA-OPENSTAT-CROPS,observed
duhat,Duhat,CAR,CORDILLERA ADMINISTRATIVE REGION (CAR),2021-2025,5,0.0887,0.0333,0.2901,mt_per_ha,PSA-OPENSTAT-CROPS,observed
duhat,Duhat,I,REGION I (ILOCOS REGION),2021-2025,5,0.7055,0.6586,0.7330,mt_per_ha,PSA-OPENSTAT-CROPS,observed
duhat,Duhat,II,REGION II (CAGAYAN VALLEY),2021-2025,5,1.2536,1.1853,1.3511,mt_per_ha,PSA-OPENSTAT-CROPS,observed
duhat,Duhat,III,REGION III (CENTRAL LUZON),2021-2025,5,2.1854,1.7788,3.0590,mt_per_ha,PSA-OPENSTAT-CROPS,observed
duhat,Duhat,IV-A,REGION IV-A (CALABARZON),2021-2025,5,0.6048,0.1800,0.8332,mt_per_ha,PSA-OPENSTAT-CROPS,observed
duhat,Duhat,MIMAROPA,MIMAROPA REGION,2021-2025,5,0.7739,0.7415,0.7975,mt_per_ha,PSA-OPENSTAT-CROPS,observed
durian,Durian,II,REGION II (CAGAYAN VALLEY),2021-2025,5,8.4717,7.7767,9.2073,mt_per_ha,PSA-OPENSTAT-CROPS,observed
durian,Durian,III,REGION III (CENTRAL LUZON),2021-2025,5,0.2397,0.1600,0.3640,mt_per_ha,PSA-OPENSTAT-CROPS,observed
durian,Durian,IV-A,REGION IV-A (CALABARZON),2021-2025,5,2.7491,1.6208,4.6062,mt_per_ha,PSA-OPENSTAT-CROPS,observed
durian,Durian,MIMAROPA,MIMAROPA REGION,2021-2025,5,0.3343,0.2365,0.4484,mt_per_ha,PSA-OPENSTAT-CROPS,observed
eggplant,Eggplant,CAR,CORDILLERA ADMINISTRATIVE REGION (CAR),2021-2025,5,5.6057,4.8771,6.1697,mt_per_ha,PSA-OPENSTAT-CROPS,observed
eggplant,Eggplant,I,REGION I (ILOCOS REGION),2021-2025,5,21.4080,19.2207,24.7160,mt_per_ha,PSA-OPENSTAT-CROPS,observed
eggplant,Eggplant,II,REGION II (CAGAYAN VALLEY),2021-2025,5,9.8639,9.4618,10.2809,mt_per_ha,PSA-OPENSTAT-CROPS,observed
eggplant,Eggplant,III,REGION III (CENTRAL LUZON),2021-2025,5,9.5162,8.9915,9.9110,mt_per_ha,PSA-OPENSTAT-CROPS,observed
eggplant,Eggplant,IV-A,REGION IV-A (CALABARZON),2021-2025,5,16.4048,15.5732,18.5932,mt_per_ha,PSA-OPENSTAT-CROPS,observed
eggplant,Eggplant,MIMAROPA,MIMAROPA REGION,2021-2025,5,4.2148,2.8850,4.9246,mt_per_ha,PSA-OPENSTAT-CROPS,observed
eggplant,Eggplant,V,REGION V (BICOL REGION),2021-2025,5,5.9859,5.1185,7.0752,mt_per_ha,PSA-OPENSTAT-CROPS,observed
euphorbia,Euphorbia,I,REGION I (ILOCOS REGION),2021-2025,5,41.7383,31.2500,57.3333,mt_per_ha,PSA-OPENSTAT-CROPS,observed
euphorbia,Euphorbia,V,REGION V (BICOL REGION),2021-2025,5,0.7613,0.5674,1.0522,mt_per_ha,PSA-OPENSTAT-CROPS,observed
fishtail-palm,Fishtail Palm,IV-A,REGION IV-A (CALABARZON),2021-2025,5,10.7160,9.8000,11.3000,mt_per_ha,PSA-OPENSTAT-CROPS,observed
gabi-taro,Gabi Taro,CAR,CORDILLERA ADMINISTRATIVE REGION (CAR),2021-2025,5,11.5847,10.0367,13.3380,mt_per_ha,PSA-OPENSTAT-CROPS,observed
gabi-taro,Gabi Taro,I,REGION I (ILOCOS REGION),2021-2025,5,6.6564,6.4456,6.8367,mt_per_ha,PSA-OPENSTAT-CROPS,observed
gabi-taro,Gabi Taro,II,REGION II (CAGAYAN VALLEY),2021-2025,5,10.1441,9.9423,10.5801,mt_per_ha,PSA-OPENSTAT-CROPS,observed
gabi-taro,Gabi Taro,III,REGION III (CENTRAL LUZON),2021-2025,5,9.1574,8.0979,9.8477,mt_per_ha,PSA-OPENSTAT-CROPS,observed
gabi-taro,Gabi Taro,IV-A,REGION IV-A (CALABARZON),2021-2025,5,6.6207,6.0172,7.0370,mt_per_ha,PSA-OPENSTAT-CROPS,observed
gabi-taro,Gabi Taro,MIMAROPA,MIMAROPA REGION,2021-2025,5,5.0771,3.3695,6.2583,mt_per_ha,PSA-OPENSTAT-CROPS,observed
gabi-taro,Gabi Taro,V,REGION V (BICOL REGION),2021-2025,5,5.2439,2.6726,8.0335,mt_per_ha,PSA-OPENSTAT-CROPS,observed
garlic-dried-bulb,Garlic Dried Bulb,I,REGION I (ILOCOS REGION),2021-2025,5,2.3683,2.3038,2.4241,mt_per_ha,PSA-OPENSTAT-CROPS,observed
garlic-dried-bulb,Garlic Dried Bulb,II,REGION II (CAGAYAN VALLEY),2021-2025,5,4.2713,4.0789,4.4454,mt_per_ha,PSA-OPENSTAT-CROPS,observed
garlic-dried-bulb,Garlic Dried Bulb,III,REGION III (CENTRAL LUZON),2021-2025,5,1.6765,1.3667,2.3442,mt_per_ha,PSA-OPENSTAT-CROPS,observed
garlic-dried-bulb,Garlic Dried Bulb,MIMAROPA,MIMAROPA REGION,2021-2025,5,2.6932,2.2531,3.4644,mt_per_ha,PSA-OPENSTAT-CROPS,observed
garlic-leeks,Garlic Leeks,I,REGION I (ILOCOS REGION),2021-2025,5,2.2858,2.0732,2.4014,mt_per_ha,PSA-OPENSTAT-CROPS,observed
gerbera,Gerbera,CAR,CORDILLERA ADMINISTRATIVE REGION (CAR),2021-2025,5,17.7000,7.5000,25.0000,mt_per_ha,PSA-OPENSTAT-CROPS,observed
gerbera,Gerbera,IV-A,REGION IV-A (CALABARZON),2021-2025,5,10.6473,4.5100,22.3667,mt_per_ha,PSA-OPENSTAT-CROPS,observed
ginger,Ginger,CAR,CORDILLERA ADMINISTRATIVE REGION (CAR),2021-2025,5,7.7050,6.8494,9.2834,mt_per_ha,PSA-OPENSTAT-CROPS,observed
ginger,Ginger,I,REGION I (ILOCOS REGION),2021-2025,5,5.9782,5.6419,6.2550,mt_per_ha,PSA-OPENSTAT-CROPS,observed
ginger,Ginger,II,REGION II (CAGAYAN VALLEY),2021-2025,5,7.5954,7.2362,7.9900,mt_per_ha,PSA-OPENSTAT-CROPS,observed
ginger,Ginger,III,REGION III (CENTRAL LUZON),2021-2025,5,6.4099,5.4025,7.2437,mt_per_ha,PSA-OPENSTAT-CROPS,observed
ginger,Ginger,IV-A,REGION IV-A (CALABARZON),2021-2025,5,7.8886,6.9345,8.6748,mt_per_ha,PSA-OPENSTAT-CROPS,observed
ginger,Ginger,MIMAROPA,MIMAROPA REGION,2021-2025,5,3.9963,2.8222,4.7129,mt_per_ha,PSA-OPENSTAT-CROPS,observed
ginger,Ginger,V,REGION V (BICOL REGION),2021-2025,5,3.2495,1.8223,5.1663,mt_per_ha,PSA-OPENSTAT-CROPS,observed
ginseng,Ginseng,II,REGION II (CAGAYAN VALLEY),2021-2025,5,0.0215,0.0126,0.0412,mt_per_ha,PSA-OPENSTAT-CROPS,observed
ginseng,Ginseng,MIMAROPA,MIMAROPA REGION,2021-2025,5,1.3374,1.0643,1.7055,mt_per_ha,PSA-OPENSTAT-CROPS,observed
gisantes-garden-pea,Gisantes Garden Pea,II,REGION II (CAGAYAN VALLEY),2021-2025,5,0.8211,0.2267,2.2800,mt_per_ha,PSA-OPENSTAT-CROPS,observed
gladiola,Gladiola,CAR,CORDILLERA ADMINISTRATIVE REGION (CAR),2021-2025,5,17.9862,11.8345,31.0133,mt_per_ha,PSA-OPENSTAT-CROPS,observed
gladiola,Gladiola,II,REGION II (CAGAYAN VALLEY),2021-2025,5,2.5964,2.3537,2.6879,mt_per_ha,PSA-OPENSTAT-CROPS,observed
gladiola,Gladiola,MIMAROPA,MIMAROPA REGION,2021-2025,5,4.4000,3.0000,7.0000,mt_per_ha,PSA-OPENSTAT-CROPS,observed
gladiola,Gladiola,V,REGION V (BICOL REGION),2021-2025,5,0.4964,0.3477,0.7553,mt_per_ha,PSA-OPENSTAT-CROPS,observed
granada,Granada,I,REGION I (ILOCOS REGION),2021-2025,5,0.8743,0.7692,1.1333,mt_per_ha,PSA-OPENSTAT-CROPS,observed
granada,Granada,II,REGION II (CAGAYAN VALLEY),2021-2025,5,0.4928,0.2800,0.8706,mt_per_ha,PSA-OPENSTAT-CROPS,observed
granada,Granada,III,REGION III (CENTRAL LUZON),2021-2025,5,0.8960,0.8867,0.9089,mt_per_ha,PSA-OPENSTAT-CROPS,observed
granada,Granada,MIMAROPA,MIMAROPA REGION,2021-2025,5,1.1245,0.8800,1.7200,mt_per_ha,PSA-OPENSTAT-CROPS,observed
grapes,Grapes,I,REGION I (ILOCOS REGION),2021-2025,5,0.6324,0.5657,0.6875,mt_per_ha,PSA-OPENSTAT-CROPS,observed
grapes,Grapes,II,REGION II (CAGAYAN VALLEY),2021-2025,5,1.0488,0.1500,2.1304,mt_per_ha,PSA-OPENSTAT-CROPS,observed
grapes,Grapes,MIMAROPA,MIMAROPA REGION,2021-2025,5,0.0547,0.0116,0.2017,mt_per_ha,PSA-OPENSTAT-CROPS,observed
grapes-green,Grapes Green,I,REGION I (ILOCOS REGION),2021-2025,5,0.6231,0.5539,0.6776,mt_per_ha,PSA-OPENSTAT-CROPS,observed
grapes-green,Grapes Green,II,REGION II (CAGAYAN VALLEY),2021-2025,5,1.4911,0.2000,3.5833,mt_per_ha,PSA-OPENSTAT-CROPS,observed
grapes-green,Grapes Green,MIMAROPA,MIMAROPA REGION,2021-2025,5,0.0527,0.0067,0.2017,mt_per_ha,PSA-OPENSTAT-CROPS,observed
grapes-red,Grapes Red,I,REGION I (ILOCOS REGION),2021-2025,5,0.8775,0.8475,0.9307,mt_per_ha,PSA-OPENSTAT-CROPS,observed
green-corn-stalk,Green Corn Stalk,I,REGION I (ILOCOS REGION),2021-2025,5,37.8448,24.3260,49.7488,mt_per_ha,PSA-OPENSTAT-CROPS,observed
green-corn-stalk,Green Corn Stalk,II,REGION II (CAGAYAN VALLEY),2021-2025,5,17.7767,11.1671,23.4624,mt_per_ha,PSA-OPENSTAT-CROPS,observed
green-corn-stalk,Green Corn Stalk,III,REGION III (CENTRAL LUZON),2021-2025,5,3.0288,2.6538,3.8299,mt_per_ha,PSA-OPENSTAT-CROPS,observed
green-corn-stalk,Green Corn Stalk,IV-A,REGION IV-A (CALABARZON),2021-2025,5,10.1910,3.8777,17.7945,mt_per_ha,PSA-OPENSTAT-CROPS,observed
green-corn-stalk,Green Corn Stalk,MIMAROPA,MIMAROPA REGION,2021-2025,5,4.8074,4.2676,5.4986,mt_per_ha,PSA-OPENSTAT-CROPS,observed
guava,Guava,CAR,CORDILLERA ADMINISTRATIVE REGION (CAR),2021-2025,5,1.6091,1.4373,1.7969,mt_per_ha,PSA-OPENSTAT-CROPS,observed
guava,Guava,I,REGION I (ILOCOS REGION),2021-2025,5,1.2914,1.2270,1.3446,mt_per_ha,PSA-OPENSTAT-CROPS,observed
guava,Guava,II,REGION II (CAGAYAN VALLEY),2021-2025,5,1.1580,0.9605,1.6510,mt_per_ha,PSA-OPENSTAT-CROPS,observed
guava,Guava,III,REGION III (CENTRAL LUZON),2021-2025,5,1.3980,1.0150,1.6554,mt_per_ha,PSA-OPENSTAT-CROPS,observed
guava,Guava,IV-A,REGION IV-A (CALABARZON),2021-2025,5,1.4665,1.2161,1.7324,mt_per_ha,PSA-OPENSTAT-CROPS,observed
guava,Guava,MIMAROPA,MIMAROPA REGION,2021-2025,5,3.4079,2.4528,4.4344,mt_per_ha,PSA-OPENSTAT-CROPS,observed
guava,Guava,V,REGION V (BICOL REGION),2021-2025,5,1.2179,1.0316,1.5831,mt_per_ha,PSA-OPENSTAT-CROPS,observed
guava-guapple,Guava Guapple,CAR,CORDILLERA ADMINISTRATIVE REGION (CAR),2021-2025,5,3.8679,3.4745,4.3447,mt_per_ha,PSA-OPENSTAT-CROPS,observed
guava-guapple,Guava Guapple,I,REGION I (ILOCOS REGION),2021-2025,5,5.0580,4.9012,5.2200,mt_per_ha,PSA-OPENSTAT-CROPS,observed
guava-guapple,Guava Guapple,II,REGION II (CAGAYAN VALLEY),2021-2025,5,1.7188,1.6139,1.7850,mt_per_ha,PSA-OPENSTAT-CROPS,observed
guava-guapple,Guava Guapple,III,REGION III (CENTRAL LUZON),2021-2025,5,1.3327,0.8735,1.6990,mt_per_ha,PSA-OPENSTAT-CROPS,observed
guava-guapple,Guava Guapple,IV-A,REGION IV-A (CALABARZON),2021-2025,5,1.2082,1.0160,1.4484,mt_per_ha,PSA-OPENSTAT-CROPS,observed
guava-guapple,Guava Guapple,MIMAROPA,MIMAROPA REGION,2021-2025,5,5.0751,4.1271,6.3054,mt_per_ha,PSA-OPENSTAT-CROPS,observed
guava-guapple,Guava Guapple,V,REGION V (BICOL REGION),2021-2025,5,1.2418,0.9757,1.4772,mt_per_ha,PSA-OPENSTAT-CROPS,observed
guava-native,Guava Native,CAR,CORDILLERA ADMINISTRATIVE REGION (CAR),2021-2025,5,1.1899,1.0750,1.3176,mt_per_ha,PSA-OPENSTAT-CROPS,observed
guava-native,Guava Native,I,REGION I (ILOCOS REGION),2021-2025,5,0.7489,0.7038,0.7859,mt_per_ha,PSA-OPENSTAT-CROPS,observed
guava-native,Guava Native,II,REGION II (CAGAYAN VALLEY),2021-2025,5,0.9679,0.7206,1.5529,mt_per_ha,PSA-OPENSTAT-CROPS,observed
guava-native,Guava Native,III,REGION III (CENTRAL LUZON),2021-2025,5,1.5399,1.3264,1.6949,mt_per_ha,PSA-OPENSTAT-CROPS,observed
guava-native,Guava Native,IV-A,REGION IV-A (CALABARZON),2021-2025,5,1.4757,1.2239,1.7417,mt_per_ha,PSA-OPENSTAT-CROPS,observed
guava-native,Guava Native,MIMAROPA,MIMAROPA REGION,2021-2025,5,2.8953,1.9003,3.7863,mt_per_ha,PSA-OPENSTAT-CROPS,observed
guava-native,Guava Native,V,REGION V (BICOL REGION),2021-2025,5,1.2169,1.0321,1.5861,mt_per_ha,PSA-OPENSTAT-CROPS,observed
guinea-grass,Guinea Grass,III,REGION III (CENTRAL LUZON),2021-2025,5,1.6680,1.6400,1.7000,mt_per_ha,PSA-OPENSTAT-CROPS,observed
guinea-grass,Guinea Grass,MIMAROPA,MIMAROPA REGION,2021-2025,5,1.4103,1.2063,1.8525,mt_per_ha,PSA-OPENSTAT-CROPS,observed
guyabano,Guyabano,CAR,CORDILLERA ADMINISTRATIVE REGION (CAR),2021-2025,5,6.0939,1.3823,12.0923,mt_per_ha,PSA-OPENSTAT-CROPS,observed
guyabano,Guyabano,I,REGION I (ILOCOS REGION),2021-2025,5,4.0752,3.9553,4.1630,mt_per_ha,PSA-OPENSTAT-CROPS,observed
guyabano,Guyabano,II,REGION II (CAGAYAN VALLEY),2021-2025,5,1.7878,1.3890,1.9879,mt_per_ha,PSA-OPENSTAT-CROPS,observed
guyabano,Guyabano,III,REGION III (CENTRAL LUZON),2021-2025,5,2.0230,1.8616,2.1780,mt_per_ha,PSA-OPENSTAT-CROPS,observed
guyabano,Guyabano,IV-A,REGION IV-A (CALABARZON),2021-2025,5,2.1341,1.9658,2.2735,mt_per_ha,PSA-OPENSTAT-CROPS,observed
guyabano,Guyabano,MIMAROPA,MIMAROPA REGION,2021-2025,5,3.4132,2.9272,3.6334,mt_per_ha,PSA-OPENSTAT-CROPS,observed
guyabano,Guyabano,V,REGION V (BICOL REGION),2021-2025,5,1.8185,1.2402,2.1354,mt_per_ha,PSA-OPENSTAT-CROPS,observed
habitchuelas-snap-beans,Habitchuelas Snap Beans,CAR,CORDILLERA ADMINISTRATIVE REGION (CAR),2021-2025,5,11.0447,7.4041,15.9426,mt_per_ha,PSA-OPENSTAT-CROPS,observed
habitchuelas-snap-beans,Habitchuelas Snap Beans,I,REGION I (ILOCOS REGION),2021-2025,5,2.7437,2.5444,2.8690,mt_per_ha,PSA-OPENSTAT-CROPS,observed
habitchuelas-snap-beans,Habitchuelas Snap Beans,II,REGION II (CAGAYAN VALLEY),2021-2025,5,4.5405,3.9498,5.4078,mt_per_ha,PSA-OPENSTAT-CROPS,observed
habitchuelas-snap-beans,Habitchuelas Snap Beans,III,REGION III (CENTRAL LUZON),2021-2025,5,2.8923,1.3852,3.3516,mt_per_ha,PSA-OPENSTAT-CROPS,observed
habitchuelas-snap-beans,Habitchuelas Snap Beans,IV-A,REGION IV-A (CALABARZON),2021-2025,5,3.6671,2.7038,6.2093,mt_per_ha,PSA-OPENSTAT-CROPS,observed
habitchuelas-snap-beans,Habitchuelas Snap Beans,MIMAROPA,MIMAROPA REGION,2021-2025,5,5.0980,2.0833,8.1250,mt_per_ha,PSA-OPENSTAT-CROPS,observed
habitchuelas-snap-beans,Habitchuelas Snap Beans,V,REGION V (BICOL REGION),2021-2025,5,3.1319,2.6830,3.4271,mt_per_ha,PSA-OPENSTAT-CROPS,observed
heliconia,Heliconia,IV-A,REGION IV-A (CALABARZON),2021-2025,5,6.7040,6.1600,7.8600,mt_per_ha,PSA-OPENSTAT-CROPS,observed
heliconia,Heliconia,MIMAROPA,MIMAROPA REGION,2021-2025,5,2.4102,2.2960,2.5602,mt_per_ha,PSA-OPENSTAT-CROPS,observed
ikmo-buyo,Ikmo Buyo,CAR,CORDILLERA ADMINISTRATIVE REGION (CAR),2021-2025,5,2.0792,1.4310,2.7315,mt_per_ha,PSA-OPENSTAT-CROPS,observed
ikmo-buyo,Ikmo Buyo,II,REGION II (CAGAYAN VALLEY),2021-2025,5,1.6793,1.1912,2.5481,mt_per_ha,PSA-OPENSTAT-CROPS,observed
ikmo-buyo,Ikmo Buyo,III,REGION III (CENTRAL LUZON),2021-2025,5,6.5947,6.1000,7.2800,mt_per_ha,PSA-OPENSTAT-CROPS,observed
ikmo-buyo,Ikmo Buyo,IV-A,REGION IV-A (CALABARZON),2021-2025,5,3.5123,2.1818,4.8864,mt_per_ha,PSA-OPENSTAT-CROPS,observed
ikmo-buyo,Ikmo Buyo,MIMAROPA,MIMAROPA REGION,2021-2025,5,2.2555,1.4340,2.7770,mt_per_ha,PSA-OPENSTAT-CROPS,observed
ikmo-buyo,Ikmo Buyo,V,REGION V (BICOL REGION),2021-2025,5,2.0395,1.4459,2.7810,mt_per_ha,PSA-OPENSTAT-CROPS,observed
ilang-ilang,Ilang Ilang,I,REGION I (ILOCOS REGION),2021-2025,5,10.7241,10.1241,11.1586,mt_per_ha,PSA-OPENSTAT-CROPS,observed
ilang-ilang,Ilang Ilang,II,REGION II (CAGAYAN VALLEY),2021-2025,5,0.7509,0.6393,0.8788,mt_per_ha,PSA-OPENSTAT-CROPS,observed
ilang-ilang,Ilang Ilang,III,REGION III (CENTRAL LUZON),2021-2025,5,1.2711,1.1617,1.3176,mt_per_ha,PSA-OPENSTAT-CROPS,observed
ilang-ilang,Ilang Ilang,IV-A,REGION IV-A (CALABARZON),2021-2025,5,0.1070,0.0972,0.1185,mt_per_ha,PSA-OPENSTAT-CROPS,observed
ilang-ilang,Ilang Ilang,MIMAROPA,MIMAROPA REGION,2021-2025,5,0.7859,0.5385,1.2369,mt_per_ha,PSA-OPENSTAT-CROPS,observed
ilang-ilang,Ilang Ilang,V,REGION V (BICOL REGION),2021-2025,5,0.7253,0.6617,0.7750,mt_per_ha,PSA-OPENSTAT-CROPS,observed
irrigated-palay,Irrigated Palay,CAR,CORDILLERA ADMINISTRATIVE REGION (CAR),2021-2025,5,3.7257,3.3830,4.0383,mt_per_ha,PSA-OPENSTAT-CROPS,observed
irrigated-palay,Irrigated Palay,I,REGION I (ILOCOS REGION),2021-2025,5,4.9237,4.8500,4.9689,mt_per_ha,PSA-OPENSTAT-CROPS,observed
irrigated-palay,Irrigated Palay,II,REGION II (CAGAYAN VALLEY),2021-2025,5,4.9458,4.8577,5.0867,mt_per_ha,PSA-OPENSTAT-CROPS,observed
irrigated-palay,Irrigated Palay,III,REGION III (CENTRAL LUZON),2021-2025,5,5.2119,5.1732,5.2923,mt_per_ha,PSA-OPENSTAT-CROPS,observed
irrigated-palay,Irrigated Palay,IV-A,REGION IV-A (CALABARZON),2021-2025,5,3.9409,3.6740,4.2191,mt_per_ha,PSA-OPENSTAT-CROPS,observed
irrigated-palay,Irrigated Palay,MIMAROPA,MIMAROPA REGION,2021-2025,5,4.0764,3.9323,4.1545,mt_per_ha,PSA-OPENSTAT-CROPS,observed
irrigated-palay,Irrigated Palay,V,REGION V (BICOL REGION),2021-2025,5,4.0011,3.8127,4.2000,mt_per_ha,PSA-OPENSTAT-CROPS,observed
jackfruit-ripe,Jackfruit Ripe,CAR,CORDILLERA ADMINISTRATIVE REGION (CAR),2021-2025,5,2.4693,1.9566,3.2044,mt_per_ha,PSA-OPENSTAT-CROPS,observed
jackfruit-ripe,Jackfruit Ripe,I,REGION I (ILOCOS REGION),2021-2025,5,6.1984,5.8387,6.4560,mt_per_ha,PSA-OPENSTAT-CROPS,observed
jackfruit-ripe,Jackfruit Ripe,II,REGION II (CAGAYAN VALLEY),2021-2025,5,1.3348,1.3090,1.3821,mt_per_ha,PSA-OPENSTAT-CROPS,observed
jackfruit-ripe,Jackfruit Ripe,III,REGION III (CENTRAL LUZON),2021-2025,5,2.9399,2.6761,3.1196,mt_per_ha,PSA-OPENSTAT-CROPS,observed
jackfruit-ripe,Jackfruit Ripe,IV-A,REGION IV-A (CALABARZON),2021-2025,5,2.5290,2.4113,2.6527,mt_per_ha,PSA-OPENSTAT-CROPS,observed
jackfruit-ripe,Jackfruit Ripe,MIMAROPA,MIMAROPA REGION,2021-2025,5,2.7246,2.5056,3.1679,mt_per_ha,PSA-OPENSTAT-CROPS,observed
jackfruit-ripe,Jackfruit Ripe,V,REGION V (BICOL REGION),2021-2025,5,2.2298,0.9495,3.4539,mt_per_ha,PSA-OPENSTAT-CROPS,observed
kadios-pigeon-pea,Kadios Pigeon Pea,CAR,CORDILLERA ADMINISTRATIVE REGION (CAR),2021-2025,5,1.3478,0.7939,2.0240,mt_per_ha,PSA-OPENSTAT-CROPS,observed
kadios-pigeon-pea,Kadios Pigeon Pea,I,REGION I (ILOCOS REGION),2021-2025,5,1.0884,0.9987,1.1679,mt_per_ha,PSA-OPENSTAT-CROPS,observed
kadios-pigeon-pea,Kadios Pigeon Pea,II,REGION II (CAGAYAN VALLEY),2021-2025,5,2.5670,2.0882,2.9937,mt_per_ha,PSA-OPENSTAT-CROPS,observed
kadios-pigeon-pea,Kadios Pigeon Pea,III,REGION III (CENTRAL LUZON),2021-2025,5,1.4159,1.3677,1.5245,mt_per_ha,PSA-OPENSTAT-CROPS,observed
kadios-pigeon-pea,Kadios Pigeon Pea,IV-A,REGION IV-A (CALABARZON),2021-2025,5,3.3574,1.6331,6.2314,mt_per_ha,PSA-OPENSTAT-CROPS,observed
kadios-pigeon-pea,Kadios Pigeon Pea,MIMAROPA,MIMAROPA REGION,2021-2025,5,0.9643,0.1948,1.6164,mt_per_ha,PSA-OPENSTAT-CROPS,observed
kadios-pigeon-pea,Kadios Pigeon Pea,V,REGION V (BICOL REGION),2021-2025,5,0.7482,0.3666,1.5618,mt_per_ha,PSA-OPENSTAT-CROPS,observed
kalumpit,Kalumpit,MIMAROPA,MIMAROPA REGION,2021-2025,5,0.6680,0.5800,0.7600,mt_per_ha,PSA-OPENSTAT-CROPS,observed
kamansi,Kamansi,CAR,CORDILLERA ADMINISTRATIVE REGION (CAR),2021-2025,5,2.8194,0.5310,4.7157,mt_per_ha,PSA-OPENSTAT-CROPS,observed
kamansi,Kamansi,I,REGION I (ILOCOS REGION),2021-2025,5,7.8619,5.4214,9.6054,mt_per_ha,PSA-OPENSTAT-CROPS,observed
kamansi,Kamansi,II,REGION II (CAGAYAN VALLEY),2021-2025,5,3.5972,3.0880,4.1376,mt_per_ha,PSA-OPENSTAT-CROPS,observed
kamansi,Kamansi,III,REGION III (CENTRAL LUZON),2021-2025,5,4.0545,2.9553,8.0338,mt_per_ha,PSA-OPENSTAT-CROPS,observed
kamansi,Kamansi,IV-A,REGION IV-A (CALABARZON),2021-2025,5,3.8580,3.6165,4.0507,mt_per_ha,PSA-OPENSTAT-CROPS,observed
kamansi,Kamansi,MIMAROPA,MIMAROPA REGION,2021-2025,5,4.6335,4.1820,5.0304,mt_per_ha,PSA-OPENSTAT-CROPS,observed
kamansi,Kamansi,V,REGION V (BICOL REGION),2021-2025,5,3.5420,2.1577,6.4885,mt_per_ha,PSA-OPENSTAT-CROPS,observed
kamias,Kamias,CAR,CORDILLERA ADMINISTRATIVE REGION (CAR),2021-2025,5,1.2144,0.2493,2.3750,mt_per_ha,PSA-OPENSTAT-CROPS,observed
kamias,Kamias,I,REGION I (ILOCOS REGION),2021-2025,5,4.2162,3.9870,4.6050,mt_per_ha,PSA-OPENSTAT-CROPS,observed
kamias,Kamias,II,REGION II (CAGAYAN VALLEY),2021-2025,5,2.2628,2.0259,2.4701,mt_per_ha,PSA-OPENSTAT-CROPS,observed
kamias,Kamias,III,REGION III (CENTRAL LUZON),2021-2025,5,3.7427,3.3210,4.4873,mt_per_ha,PSA-OPENSTAT-CROPS,observed
kamias,Kamias,IV-A,REGION IV-A (CALABARZON),2021-2025,5,12.1157,10.4927,14.5366,mt_per_ha,PSA-OPENSTAT-CROPS,observed
kamias,Kamias,MIMAROPA,MIMAROPA REGION,2021-2025,5,1.4762,1.3012,1.6728,mt_per_ha,PSA-OPENSTAT-CROPS,observed
kamias,Kamias,V,REGION V (BICOL REGION),2021-2025,5,2.8179,1.1684,4.3473,mt_per_ha,PSA-OPENSTAT-CROPS,observed
kangkong-swamp-cabbage,Kangkong Swamp Cabbage,CAR,CORDILLERA ADMINISTRATIVE REGION (CAR),2021-2025,5,2.7869,0.8093,5.1699,mt_per_ha,PSA-OPENSTAT-CROPS,observed
kangkong-swamp-cabbage,Kangkong Swamp Cabbage,I,REGION I (ILOCOS REGION),2021-2025,5,21.9541,19.4377,24.8460,mt_per_ha,PSA-OPENSTAT-CROPS,observed
kangkong-swamp-cabbage,Kangkong Swamp Cabbage,II,REGION II (CAGAYAN VALLEY),2021-2025,5,11.0425,10.1687,11.7399,mt_per_ha,PSA-OPENSTAT-CROPS,observed
kangkong-swamp-cabbage,Kangkong Swamp Cabbage,III,REGION III (CENTRAL LUZON),2021-2025,5,10.6456,9.6614,12.1466,mt_per_ha,PSA-OPENSTAT-CROPS,observed
kangkong-swamp-cabbage,Kangkong Swamp Cabbage,IV-A,REGION IV-A (CALABARZON),2021-2025,5,10.2926,9.7086,10.9170,mt_per_ha,PSA-OPENSTAT-CROPS,observed
kangkong-swamp-cabbage,Kangkong Swamp Cabbage,MIMAROPA,MIMAROPA REGION,2021-2025,5,6.5487,5.3990,7.8443,mt_per_ha,PSA-OPENSTAT-CROPS,observed
kangkong-swamp-cabbage,Kangkong Swamp Cabbage,V,REGION V (BICOL REGION),2021-2025,5,6.2126,5.5427,6.8583,mt_per_ha,PSA-OPENSTAT-CROPS,observed
kapok,Kapok,I,REGION I (ILOCOS REGION),2021-2025,5,0.8083,0.7119,0.8884,mt_per_ha,PSA-OPENSTAT-CROPS,observed
kapok,Kapok,II,REGION II (CAGAYAN VALLEY),2021-2025,5,0.1221,0.1086,0.1336,mt_per_ha,PSA-OPENSTAT-CROPS,observed
kapok,Kapok,III,REGION III (CENTRAL LUZON),2021-2025,5,0.1213,0.1150,0.1311,mt_per_ha,PSA-OPENSTAT-CROPS,observed
kapok,Kapok,IV-A,REGION IV-A (CALABARZON),2021-2025,5,0.1530,0.0633,0.2800,mt_per_ha,PSA-OPENSTAT-CROPS,observed
kapok,Kapok,MIMAROPA,MIMAROPA REGION,2021-2025,5,0.0961,0.0886,0.1016,mt_per_ha,PSA-OPENSTAT-CROPS,observed
kapok,Kapok,V,REGION V (BICOL REGION),2021-2025,5,0.2362,0.0713,0.5247,mt_per_ha,PSA-OPENSTAT-CROPS,observed
karamay,Karamay,I,REGION I (ILOCOS REGION),2021-2025,5,0.4578,0.3441,0.8487,mt_per_ha,PSA-OPENSTAT-CROPS,observed
karamay,Karamay,II,REGION II (CAGAYAN VALLEY),2021-2025,5,1.1015,0.9717,1.2667,mt_per_ha,PSA-OPENSTAT-CROPS,observed
karamay,Karamay,III,REGION III (CENTRAL LUZON),2021-2025,5,8.8584,5.7000,12.7600,mt_per_ha,PSA-OPENSTAT-CROPS,observed
katuray,Katuray,CAR,CORDILLERA ADMINISTRATIVE REGION (CAR),2021-2025,5,3.7420,0.0533,12.9902,mt_per_ha,PSA-OPENSTAT-CROPS,observed
katuray,Katuray,I,REGION I (ILOCOS REGION),2021-2025,5,1.7564,1.5567,1.9258,mt_per_ha,PSA-OPENSTAT-CROPS,observed
katuray,Katuray,II,REGION II (CAGAYAN VALLEY),2021-2025,5,1.0828,0.9814,1.2085,mt_per_ha,PSA-OPENSTAT-CROPS,observed
katuray,Katuray,III,REGION III (CENTRAL LUZON),2021-2025,5,2.3275,1.8584,2.5376,mt_per_ha,PSA-OPENSTAT-CROPS,observed
kentucky-beans,Kentucky Beans,CAR,CORDILLERA ADMINISTRATIVE REGION (CAR),2021-2025,5,1.7287,0.6137,2.2675,mt_per_ha,PSA-OPENSTAT-CROPS,observed
kentucky-beans,Kentucky Beans,I,REGION I (ILOCOS REGION),2021-2025,5,1.6575,1.4204,2.0068,mt_per_ha,PSA-OPENSTAT-CROPS,observed
kentucky-beans,Kentucky Beans,II,REGION II (CAGAYAN VALLEY),2021-2025,5,4.7230,3.8675,5.5927,mt_per_ha,PSA-OPENSTAT-CROPS,observed
kentucky-beans,Kentucky Beans,III,REGION III (CENTRAL LUZON),2021-2025,5,2.4934,0.7431,3.7930,mt_per_ha,PSA-OPENSTAT-CROPS,observed
kentucky-beans,Kentucky Beans,MIMAROPA,MIMAROPA REGION,2021-2025,5,6.1012,5.1050,7.0050,mt_per_ha,PSA-OPENSTAT-CROPS,observed
kidney-beans,Kidney Beans,CAR,CORDILLERA ADMINISTRATIVE REGION (CAR),2021-2025,5,1.2096,0.8425,2.1191,mt_per_ha,PSA-OPENSTAT-CROPS,observed
kidney-beans,Kidney Beans,I,REGION I (ILOCOS REGION),2021-2025,5,0.9992,0.7553,1.1514,mt_per_ha,PSA-OPENSTAT-CROPS,observed
kidney-beans,Kidney Beans,II,REGION II (CAGAYAN VALLEY),2021-2025,5,0.8222,0.7261,0.9545,mt_per_ha,PSA-OPENSTAT-CROPS,observed
kidney-beans,Kidney Beans,III,REGION III (CENTRAL LUZON),2021-2025,5,0.8098,0.8008,0.8172,mt_per_ha,PSA-OPENSTAT-CROPS,observed
kidney-beans,Kidney Beans,IV-A,REGION IV-A (CALABARZON),2021-2025,5,2.2244,1.1395,2.6000,mt_per_ha,PSA-OPENSTAT-CROPS,observed
kidney-beans,Kidney Beans,V,REGION V (BICOL REGION),2021-2025,5,0.1755,0.0213,0.3151,mt_per_ha,PSA-OPENSTAT-CROPS,observed
kidney-beans-red,Kidney Beans Red,I,REGION I (ILOCOS REGION),2021-2025,5,1.0130,0.9565,1.0580,mt_per_ha,PSA-OPENSTAT-CROPS,observed
kidney-beans-red,Kidney Beans Red,II,REGION II (CAGAYAN VALLEY),2021-2025,5,1.0928,0.9884,1.1755,mt_per_ha,PSA-OPENSTAT-CROPS,observed
kidney-beans-red,Kidney Beans Red,III,REGION III (CENTRAL LUZON),2021-2025,5,0.6109,0.6033,0.6222,mt_per_ha,PSA-OPENSTAT-CROPS,observed
kidney-beans-white,Kidney Beans White,CAR,CORDILLERA ADMINISTRATIVE REGION (CAR),2021-2025,5,1.2108,0.8425,2.1385,mt_per_ha,PSA-OPENSTAT-CROPS,observed
kidney-beans-white,Kidney Beans White,I,REGION I (ILOCOS REGION),2021-2025,5,1.0331,0.6500,1.2655,mt_per_ha,PSA-OPENSTAT-CROPS,observed
kidney-beans-white,Kidney Beans White,II,REGION II (CAGAYAN VALLEY),2021-2025,5,0.7995,0.6995,0.9353,mt_per_ha,PSA-OPENSTAT-CROPS,observed
kidney-beans-white,Kidney Beans White,III,REGION III (CENTRAL LUZON),2021-2025,5,0.9217,0.9119,0.9287,mt_per_ha,PSA-OPENSTAT-CROPS,observed
kidney-beans-white,Kidney Beans White,IV-A,REGION IV-A (CALABARZON),2021-2025,5,2.2517,1.1395,2.6100,mt_per_ha,PSA-OPENSTAT-CROPS,observed
kidney-beans-white,Kidney Beans White,V,REGION V (BICOL REGION),2021-2025,5,0.1752,0.0213,0.3151,mt_per_ha,PSA-OPENSTAT-CROPS,observed
kinchay,Kinchay,CAR,CORDILLERA ADMINISTRATIVE REGION (CAR),2021-2025,5,2.3387,0.9517,5.8429,mt_per_ha,PSA-OPENSTAT-CROPS,observed
kinchay,Kinchay,II,REGION II (CAGAYAN VALLEY),2021-2025,5,0.2751,0.1500,0.3514,mt_per_ha,PSA-OPENSTAT-CROPS,observed
kinchay,Kinchay,III,REGION III (CENTRAL LUZON),2021-2025,5,0.5105,0.2594,0.7437,mt_per_ha,PSA-OPENSTAT-CROPS,observed
kinchay,Kinchay,IV-A,REGION IV-A (CALABARZON),2021-2025,5,4.8864,2.6104,7.6813,mt_per_ha,PSA-OPENSTAT-CROPS,observed
kinchay,Kinchay,MIMAROPA,MIMAROPA REGION,2021-2025,5,1.0193,0.7257,1.4711,mt_per_ha,PSA-OPENSTAT-CROPS,observed
kulibangbang,Kulibangbang,III,REGION III (CENTRAL LUZON),2021-2025,5,0.0976,0.0846,0.1144,mt_per_ha,PSA-OPENSTAT-CROPS,observed
kundol,Kundol,I,REGION I (ILOCOS REGION),2021-2025,5,3.1395,1.1644,3.8858,mt_per_ha,PSA-OPENSTAT-CROPS,observed
kundol,Kundol,II,REGION II (CAGAYAN VALLEY),2021-2025,5,1.9305,1.2524,2.6166,mt_per_ha,PSA-OPENSTAT-CROPS,observed
kundol,Kundol,III,REGION III (CENTRAL LUZON),2021-2025,5,3.5347,3.1738,3.8104,mt_per_ha,PSA-OPENSTAT-CROPS,observed
kundol,Kundol,IV-A,REGION IV-A (CALABARZON),2021-2025,5,2.9708,2.1798,3.5404,mt_per_ha,PSA-OPENSTAT-CROPS,observed
kundol,Kundol,MIMAROPA,MIMAROPA REGION,2021-2025,5,1.4799,1.0436,2.3433,mt_per_ha,PSA-OPENSTAT-CROPS,observed
kundol,Kundol,V,REGION V (BICOL REGION),2021-2025,5,4.3264,2.3897,6.9681,mt_per_ha,PSA-OPENSTAT-CROPS,observed
lagundi,Lagundi,I,REGION I (ILOCOS REGION),2021-2025,5,0.6363,0.4779,0.7434,mt_per_ha,PSA-OPENSTAT-CROPS,observed
lagundi,Lagundi,II,REGION II (CAGAYAN VALLEY),2021-2025,5,2.0769,1.4358,2.3730,mt_per_ha,PSA-OPENSTAT-CROPS,observed
lagundi,Lagundi,III,REGION III (CENTRAL LUZON),2021-2025,5,8.5981,6.4548,11.7316,mt_per_ha,PSA-OPENSTAT-CROPS,observed
lagundi,Lagundi,MIMAROPA,MIMAROPA REGION,2021-2025,5,1.6129,1.0900,1.9700,mt_per_ha,PSA-OPENSTAT-CROPS,observed
lagundi,Lagundi,V,REGION V (BICOL REGION),2021-2025,5,0.8840,0.1600,1.7200,mt_per_ha,PSA-OPENSTAT-CROPS,observed
lanzones,Lanzones,CAR,CORDILLERA ADMINISTRATIVE REGION (CAR),2021-2025,5,0.8175,0.7296,1.0065,mt_per_ha,PSA-OPENSTAT-CROPS,observed
lanzones,Lanzones,I,REGION I (ILOCOS REGION),2021-2025,5,0.5128,0.4640,0.5610,mt_per_ha,PSA-OPENSTAT-CROPS,observed
lanzones,Lanzones,II,REGION II (CAGAYAN VALLEY),2021-2025,5,1.2002,0.8758,1.4042,mt_per_ha,PSA-OPENSTAT-CROPS,observed
lanzones,Lanzones,III,REGION III (CENTRAL LUZON),2021-2025,5,0.4626,0.1576,1.2339,mt_per_ha,PSA-OPENSTAT-CROPS,observed
lanzones,Lanzones,IV-A,REGION IV-A (CALABARZON),2021-2025,5,0.3399,0.2590,0.4060,mt_per_ha,PSA-OPENSTAT-CROPS,observed
lanzones,Lanzones,MIMAROPA,MIMAROPA REGION,2021-2025,5,0.0363,0.0202,0.0521,mt_per_ha,PSA-OPENSTAT-CROPS,observed
lanzones,Lanzones,V,REGION V (BICOL REGION),2021-2025,5,0.6842,0.1681,1.6746,mt_per_ha,PSA-OPENSTAT-CROPS,observed
laurel,Laurel,II,REGION II (CAGAYAN VALLEY),2021-2025,5,0.0400,0.0400,0.0400,mt_per_ha,PSA-OPENSTAT-CROPS,observed
laza-tambo,Laza Tambo,III,REGION III (CENTRAL LUZON),2021-2025,5,1.8037,1.3966,2.0332,mt_per_ha,PSA-OPENSTAT-CROPS,observed
laza-tambo,Laza Tambo,IV-A,REGION IV-A (CALABARZON),2021-2025,5,3.4522,2.2035,4.7581,mt_per_ha,PSA-OPENSTAT-CROPS,observed
laza-tambo,Laza Tambo,MIMAROPA,MIMAROPA REGION,2021-2025,5,0.6535,0.5848,0.7698,mt_per_ha,PSA-OPENSTAT-CROPS,observed
laza-tambo,Laza Tambo,V,REGION V (BICOL REGION),2021-2025,5,2.8090,2.1627,3.6301,mt_per_ha,PSA-OPENSTAT-CROPS,observed
lemon,Lemon,CAR,CORDILLERA ADMINISTRATIVE REGION (CAR),2021-2025,5,14.6156,3.3919,37.3710,mt_per_ha,PSA-OPENSTAT-CROPS,observed
lemon,Lemon,I,REGION I (ILOCOS REGION),2021-2025,5,1.1886,0.7387,1.5547,mt_per_ha,PSA-OPENSTAT-CROPS,observed
lemon,Lemon,II,REGION II (CAGAYAN VALLEY),2021-2025,5,1.1788,0.9753,1.5434,mt_per_ha,PSA-OPENSTAT-CROPS,observed
lemon,Lemon,III,REGION III (CENTRAL LUZON),2021-2025,5,2.2333,0.7728,3.0507,mt_per_ha,PSA-OPENSTAT-CROPS,observed
lemon,Lemon,MIMAROPA,MIMAROPA REGION,2021-2025,5,1.8565,1.2563,2.7733,mt_per_ha,PSA-OPENSTAT-CROPS,observed
lemon,Lemon,V,REGION V (BICOL REGION),2021-2025,5,0.4439,0.3059,0.6211,mt_per_ha,PSA-OPENSTAT-CROPS,observed
lettuce,Lettuce,CAR,CORDILLERA ADMINISTRATIVE REGION (CAR),2021-2025,5,9.5320,7.1672,13.5328,mt_per_ha,PSA-OPENSTAT-CROPS,observed
lettuce,Lettuce,II,REGION II (CAGAYAN VALLEY),2021-2025,5,1.1792,0.9676,1.4542,mt_per_ha,PSA-OPENSTAT-CROPS,observed
lettuce,Lettuce,III,REGION III (CENTRAL LUZON),2021-2025,5,1.0732,0.7049,1.2850,mt_per_ha,PSA-OPENSTAT-CROPS,observed
lettuce,Lettuce,IV-A,REGION IV-A (CALABARZON),2021-2025,5,12.8787,11.8339,13.5871,mt_per_ha,PSA-OPENSTAT-CROPS,observed
lettuce,Lettuce,MIMAROPA,MIMAROPA REGION,2021-2025,5,3.9473,3.0494,4.8539,mt_per_ha,PSA-OPENSTAT-CROPS,observed
lime,Lime,CAR,CORDILLERA ADMINISTRATIVE REGION (CAR),2021-2025,5,1.6156,1.4563,1.7577,mt_per_ha,PSA-OPENSTAT-CROPS,observed
lime,Lime,I,REGION I (ILOCOS REGION),2021-2025,5,2.7626,2.6974,2.8234,mt_per_ha,PSA-OPENSTAT-CROPS,observed
lime,Lime,II,REGION II (CAGAYAN VALLEY),2021-2025,5,0.3893,0.3594,0.4247,mt_per_ha,PSA-OPENSTAT-CROPS,observed
lime,Lime,III,REGION III (CENTRAL LUZON),2021-2025,5,2.4461,0.8372,3.9010,mt_per_ha,PSA-OPENSTAT-CROPS,observed
lime,Lime,IV-A,REGION IV-A (CALABARZON),2021-2025,5,0.5485,0.4069,0.7292,mt_per_ha,PSA-OPENSTAT-CROPS,observed
lime,Lime,MIMAROPA,MIMAROPA REGION,2021-2025,5,0.6503,0.3990,0.8851,mt_per_ha,PSA-OPENSTAT-CROPS,observed
lime,Lime,V,REGION V (BICOL REGION),2021-2025,5,1.3587,0.9520,2.1628,mt_per_ha,PSA-OPENSTAT-CROPS,observed
lipote,Lipote,IV-A,REGION IV-A (CALABARZON),2021-2025,5,0.8707,0.7422,0.9844,mt_per_ha,PSA-OPENSTAT-CROPS,observed
lipote,Lipote,V,REGION V (BICOL REGION),2021-2025,5,1.2631,0.5970,1.8738,mt_per_ha,PSA-OPENSTAT-CROPS,observed
longans,Longans,II,REGION II (CAGAYAN VALLEY),2021-2025,5,0.9700,0.7704,1.1111,mt_per_ha,PSA-OPENSTAT-CROPS,observed
luyang-dilaw-turmeric,Luyang Dilaw Turmeric,MIMAROPA,MIMAROPA REGION,2021-2025,5,0.7765,0.6089,0.9265,mt_per_ha,PSA-OPENSTAT-CROPS,observed
mabolo,Mabolo,I,REGION I (ILOCOS REGION),2021-2025,5,1.5523,1.3216,1.8119,mt_per_ha,PSA-OPENSTAT-CROPS,observed
mabolo,Mabolo,II,REGION II (CAGAYAN VALLEY),2021-2025,5,0.2142,0.0961,0.3590,mt_per_ha,PSA-OPENSTAT-CROPS,observed
mabolo,Mabolo,III,REGION III (CENTRAL LUZON),2021-2025,5,3.7815,3.2090,4.7297,mt_per_ha,PSA-OPENSTAT-CROPS,observed
mabolo,Mabolo,IV-A,REGION IV-A (CALABARZON),2021-2025,5,0.1155,0.0656,0.2787,mt_per_ha,PSA-OPENSTAT-CROPS,observed
mabolo,Mabolo,MIMAROPA,MIMAROPA REGION,2021-2025,5,1.5810,0.1768,3.5795,mt_per_ha,PSA-OPENSTAT-CROPS,observed
mabolo,Mabolo,V,REGION V (BICOL REGION),2021-2025,5,0.5418,0.1791,0.8851,mt_per_ha,PSA-OPENSTAT-CROPS,observed
maguey,Maguey,I,REGION I (ILOCOS REGION),2021-2025,5,0.1144,0.0867,0.1621,mt_per_ha,PSA-OPENSTAT-CROPS,observed
makopa,Makopa,I,REGION I (ILOCOS REGION),2021-2025,5,0.9504,0.8039,1.0455,mt_per_ha,PSA-OPENSTAT-CROPS,observed
makopa,Makopa,II,REGION II (CAGAYAN VALLEY),2021-2025,5,0.6285,0.5522,0.8663,mt_per_ha,PSA-OPENSTAT-CROPS,observed
makopa,Makopa,III,REGION III (CENTRAL LUZON),2021-2025,5,2.1067,1.7317,2.5241,mt_per_ha,PSA-OPENSTAT-CROPS,observed
makopa,Makopa,IV-A,REGION IV-A (CALABARZON),2021-2025,5,0.2463,0.1213,0.4236,mt_per_ha,PSA-OPENSTAT-CROPS,observed
makopa,Makopa,MIMAROPA,MIMAROPA REGION,2021-2025,5,0.8710,0.4209,1.6108,mt_per_ha,PSA-OPENSTAT-CROPS,observed
makopa,Makopa,V,REGION V (BICOL REGION),2021-2025,5,1.3778,0.5347,1.9893,mt_per_ha,PSA-OPENSTAT-CROPS,observed
malunggay-fruit,Malunggay Fruit,CAR,CORDILLERA ADMINISTRATIVE REGION (CAR),2021-2025,5,2.5182,1.6600,4.2503,mt_per_ha,PSA-OPENSTAT-CROPS,observed
malunggay-fruit,Malunggay Fruit,I,REGION I (ILOCOS REGION),2021-2025,5,9.5744,9.0409,10.1908,mt_per_ha,PSA-OPENSTAT-CROPS,observed
malunggay-fruit,Malunggay Fruit,II,REGION II (CAGAYAN VALLEY),2021-2025,5,2.6069,2.1325,3.3707,mt_per_ha,PSA-OPENSTAT-CROPS,observed
malunggay-fruit,Malunggay Fruit,III,REGION III (CENTRAL LUZON),2021-2025,5,1.5142,1.0772,1.7421,mt_per_ha,PSA-OPENSTAT-CROPS,observed
malunggay-fruit,Malunggay Fruit,IV-A,REGION IV-A (CALABARZON),2021-2025,5,0.7147,0.0000,1.5720,mt_per_ha,PSA-OPENSTAT-CROPS,observed
mandarin,Mandarin,CAR,CORDILLERA ADMINISTRATIVE REGION (CAR),2021-2025,5,2.3197,1.1134,2.8428,mt_per_ha,PSA-OPENSTAT-CROPS,observed
mandarin,Mandarin,I,REGION I (ILOCOS REGION),2021-2025,5,0.7439,0.4039,1.2603,mt_per_ha,PSA-OPENSTAT-CROPS,observed
mandarin,Mandarin,II,REGION II (CAGAYAN VALLEY),2021-2025,5,3.8581,3.7627,4.0201,mt_per_ha,PSA-OPENSTAT-CROPS,observed
mandarin,Mandarin,III,REGION III (CENTRAL LUZON),2021-2025,5,0.3939,0.0362,1.1584,mt_per_ha,PSA-OPENSTAT-CROPS,observed
mandarin,Mandarin,IV-A,REGION IV-A (CALABARZON),2021-2025,5,1.0799,0.8812,1.4984,mt_per_ha,PSA-OPENSTAT-CROPS,observed
mandarin,Mandarin,MIMAROPA,MIMAROPA REGION,2021-2025,5,0.4250,0.2568,0.5465,mt_per_ha,PSA-OPENSTAT-CROPS,observed
mandarin,Mandarin,V,REGION V (BICOL REGION),2021-2025,5,0.1243,0.0500,0.2141,mt_per_ha,PSA-OPENSTAT-CROPS,observed
mango,Mango,CAR,CORDILLERA ADMINISTRATIVE REGION (CAR),2021-2025,5,3.0564,2.5649,3.4382,mt_per_ha,PSA-OPENSTAT-CROPS,observed
mango,Mango,I,REGION I (ILOCOS REGION),2021-2025,5,7.4967,7.1918,7.9383,mt_per_ha,PSA-OPENSTAT-CROPS,observed
mango,Mango,II,REGION II (CAGAYAN VALLEY),2021-2025,5,4.5242,3.8227,4.9208,mt_per_ha,PSA-OPENSTAT-CROPS,observed
mango,Mango,III,REGION III (CENTRAL LUZON),2021-2025,5,1.4795,1.4246,1.5404,mt_per_ha,PSA-OPENSTAT-CROPS,observed
mango,Mango,IV-A,REGION IV-A (CALABARZON),2021-2025,5,3.1689,2.9726,3.3544,mt_per_ha,PSA-OPENSTAT-CROPS,observed
mango,Mango,MIMAROPA,MIMAROPA REGION,2021-2025,5,5.8643,4.9935,7.1884,mt_per_ha,PSA-OPENSTAT-CROPS,observed
mango,Mango,V,REGION V (BICOL REGION),2021-2025,5,0.5628,0.4631,0.6359,mt_per_ha,PSA-OPENSTAT-CROPS,observed
mango-carabao,Mango Carabao,CAR,CORDILLERA ADMINISTRATIVE REGION (CAR),2021-2025,5,3.4799,3.1694,3.7357,mt_per_ha,PSA-OPENSTAT-CROPS,observed
mango-carabao,Mango Carabao,I,REGION I (ILOCOS REGION),2021-2025,5,7.5773,7.2171,8.0196,mt_per_ha,PSA-OPENSTAT-CROPS,observed
mango-carabao,Mango Carabao,II,REGION II (CAGAYAN VALLEY),2021-2025,5,5.4378,5.3347,5.5611,mt_per_ha,PSA-OPENSTAT-CROPS,observed
mango-carabao,Mango Carabao,III,REGION III (CENTRAL LUZON),2021-2025,5,1.4434,1.3655,1.5643,mt_per_ha,PSA-OPENSTAT-CROPS,observed
mango-carabao,Mango Carabao,IV-A,REGION IV-A (CALABARZON),2021-2025,5,2.7109,2.4414,3.0936,mt_per_ha,PSA-OPENSTAT-CROPS,observed
mango-carabao,Mango Carabao,MIMAROPA,MIMAROPA REGION,2021-2025,5,8.3902,6.9225,10.7685,mt_per_ha,PSA-OPENSTAT-CROPS,observed
mango-carabao,Mango Carabao,V,REGION V (BICOL REGION),2021-2025,5,0.2716,0.2078,0.4060,mt_per_ha,PSA-OPENSTAT-CROPS,observed
mango-others,Mango Others,CAR,CORDILLERA ADMINISTRATIVE REGION (CAR),2021-2025,5,1.0543,0.2395,1.4158,mt_per_ha,PSA-OPENSTAT-CROPS,observed
mango-others,Mango Others,I,REGION I (ILOCOS REGION),2021-2025,5,8.2698,7.6420,9.4275,mt_per_ha,PSA-OPENSTAT-CROPS,observed
mango-others,Mango Others,II,REGION II (CAGAYAN VALLEY),2021-2025,5,5.1634,2.8829,8.5862,mt_per_ha,PSA-OPENSTAT-CROPS,observed
mango-others,Mango Others,III,REGION III (CENTRAL LUZON),2021-2025,5,1.4819,1.2896,1.6186,mt_per_ha,PSA-OPENSTAT-CROPS,observed
mango-others,Mango Others,IV-A,REGION IV-A (CALABARZON),2021-2025,5,21.3018,6.2296,52.4893,mt_per_ha,PSA-OPENSTAT-CROPS,observed
mango-others,Mango Others,MIMAROPA,MIMAROPA REGION,2021-2025,5,4.5995,2.5419,7.0158,mt_per_ha,PSA-OPENSTAT-CROPS,observed
mango-others,Mango Others,V,REGION V (BICOL REGION),2021-2025,5,0.6287,0.3274,0.9080,mt_per_ha,PSA-OPENSTAT-CROPS,observed
mango-piko,Mango Piko,I,REGION I (ILOCOS REGION),2021-2025,5,4.8000,4.4276,5.2631,mt_per_ha,PSA-OPENSTAT-CROPS,observed
mango-piko,Mango Piko,II,REGION II (CAGAYAN VALLEY),2021-2025,5,1.0741,0.5680,1.2907,mt_per_ha,PSA-OPENSTAT-CROPS,observed
mango-piko,Mango Piko,III,REGION III (CENTRAL LUZON),2021-2025,5,1.4818,1.3724,1.5963,mt_per_ha,PSA-OPENSTAT-CROPS,observed
mango-piko,Mango Piko,IV-A,REGION IV-A (CALABARZON),2021-2025,5,3.7094,3.3801,4.1191,mt_per_ha,PSA-OPENSTAT-CROPS,observed
mango-piko,Mango Piko,MIMAROPA,MIMAROPA REGION,2021-2025,5,2.1889,1.9208,2.5406,mt_per_ha,PSA-OPENSTAT-CROPS,observed
mango-piko,Mango Piko,V,REGION V (BICOL REGION),2021-2025,5,0.8985,0.7495,1.0016,mt_per_ha,PSA-OPENSTAT-CROPS,observed
mangosteen,Mangosteen,IV-A,REGION IV-A (CALABARZON),2021-2025,5,4.6971,2.9015,6.1112,mt_per_ha,PSA-OPENSTAT-CROPS,observed
mangosteen,Mangosteen,MIMAROPA,MIMAROPA REGION,2021-2025,5,0.2968,0.1900,0.4467,mt_per_ha,PSA-OPENSTAT-CROPS,observed
marang,Marang,II,REGION II (CAGAYAN VALLEY),2021-2025,5,16.4724,8.4409,23.5000,mt_per_ha,PSA-OPENSTAT-CROPS,observed
marang,Marang,IV-A,REGION IV-A (CALABARZON),2021-2025,5,1.7074,0.9600,3.5769,mt_per_ha,PSA-OPENSTAT-CROPS,observed
marang,Marang,MIMAROPA,MIMAROPA REGION,2021-2025,5,0.8279,0.6000,1.1000,mt_per_ha,PSA-OPENSTAT-CROPS,observed
mayana,Mayana,IV-A,REGION IV-A (CALABARZON),2021-2025,5,6.7455,3.4545,8.1818,mt_per_ha,PSA-OPENSTAT-CROPS,observed
mayana,Mayana,MIMAROPA,MIMAROPA REGION,2021-2025,5,9.4883,7.3750,13.2727,mt_per_ha,PSA-OPENSTAT-CROPS,observed
melon,Melon,CAR,CORDILLERA ADMINISTRATIVE REGION (CAR),2021-2025,5,4.9648,0.7742,8.2021,mt_per_ha,PSA-OPENSTAT-CROPS,observed
melon,Melon,I,REGION I (ILOCOS REGION),2021-2025,5,4.4000,1.3941,6.9088,mt_per_ha,PSA-OPENSTAT-CROPS,observed
melon,Melon,II,REGION II (CAGAYAN VALLEY),2021-2025,5,4.4410,2.3847,6.1377,mt_per_ha,PSA-OPENSTAT-CROPS,observed
melon,Melon,III,REGION III (CENTRAL LUZON),2021-2025,5,4.8670,2.3156,6.5050,mt_per_ha,PSA-OPENSTAT-CROPS,observed
melon,Melon,IV-A,REGION IV-A (CALABARZON),2021-2025,5,6.8669,3.6082,9.2452,mt_per_ha,PSA-OPENSTAT-CROPS,observed
melon,Melon,MIMAROPA,MIMAROPA REGION,2021-2025,5,2.1367,0.9407,2.6549,mt_per_ha,PSA-OPENSTAT-CROPS,observed
melon,Melon,V,REGION V (BICOL REGION),2021-2025,5,1.9567,1.4731,2.3790,mt_per_ha,PSA-OPENSTAT-CROPS,observed
melon-honey-dew,Melon Honey Dew,I,REGION I (ILOCOS REGION),2021-2025,5,5.6733,1.3666,9.1111,mt_per_ha,PSA-OPENSTAT-CROPS,observed
melon-honey-dew,Melon Honey Dew,II,REGION II (CAGAYAN VALLEY),2021-2025,5,4.9325,2.8934,7.0838,mt_per_ha,PSA-OPENSTAT-CROPS,observed
melon-honey-dew,Melon Honey Dew,III,REGION III (CENTRAL LUZON),2021-2025,5,3.7484,2.3414,5.6019,mt_per_ha,PSA-OPENSTAT-CROPS,observed
melon-honey-dew,Melon Honey Dew,IV-A,REGION IV-A (CALABARZON),2021-2025,5,5.5590,2.6100,7.8426,mt_per_ha,PSA-OPENSTAT-CROPS,observed
melon-honey-dew,Melon Honey Dew,MIMAROPA,MIMAROPA REGION,2021-2025,5,1.5066,0.5735,1.9586,mt_per_ha,PSA-OPENSTAT-CROPS,observed
melon-muskmelon,Melon Muskmelon,CAR,CORDILLERA ADMINISTRATIVE REGION (CAR),2021-2025,5,5.4675,1.9820,8.2021,mt_per_ha,PSA-OPENSTAT-CROPS,observed
melon-muskmelon,Melon Muskmelon,I,REGION I (ILOCOS REGION),2021-2025,5,4.3865,1.3956,6.8626,mt_per_ha,PSA-OPENSTAT-CROPS,observed
melon-muskmelon,Melon Muskmelon,II,REGION II (CAGAYAN VALLEY),2021-2025,5,4.2457,2.1313,6.0086,mt_per_ha,PSA-OPENSTAT-CROPS,observed
melon-muskmelon,Melon Muskmelon,III,REGION III (CENTRAL LUZON),2021-2025,5,5.0655,2.3004,6.5097,mt_per_ha,PSA-OPENSTAT-CROPS,observed
melon-muskmelon,Melon Muskmelon,IV-A,REGION IV-A (CALABARZON),2021-2025,5,7.1651,3.7931,10.0543,mt_per_ha,PSA-OPENSTAT-CROPS,observed
melon-muskmelon,Melon Muskmelon,MIMAROPA,MIMAROPA REGION,2021-2025,5,2.3886,1.1175,3.0248,mt_per_ha,PSA-OPENSTAT-CROPS,observed
melon-muskmelon,Melon Muskmelon,V,REGION V (BICOL REGION),2021-2025,5,1.9299,1.3904,2.3516,mt_per_ha,PSA-OPENSTAT-CROPS,observed
mini-pineapple,Mini Pineapple,IV-A,REGION IV-A (CALABARZON),2021-2025,5,1.6580,0.1926,5.0403,mt_per_ha,PSA-OPENSTAT-CROPS,observed
mongo-mungbean,Mongo Mungbean,CAR,CORDILLERA ADMINISTRATIVE REGION (CAR),2021-2025,5,0.6760,0.5555,0.8545,mt_per_ha,PSA-OPENSTAT-CROPS,observed
mongo-mungbean,Mongo Mungbean,I,REGION I (ILOCOS REGION),2021-2025,5,1.3885,1.2969,1.5258,mt_per_ha,PSA-OPENSTAT-CROPS,observed
mongo-mungbean,Mongo Mungbean,II,REGION II (CAGAYAN VALLEY),2021-2025,5,0.3915,0.3265,0.4448,mt_per_ha,PSA-OPENSTAT-CROPS,observed
mongo-mungbean,Mongo Mungbean,III,REGION III (CENTRAL LUZON),2021-2025,5,1.3876,1.3357,1.5008,mt_per_ha,PSA-OPENSTAT-CROPS,observed
mongo-mungbean,Mongo Mungbean,IV-A,REGION IV-A (CALABARZON),2021-2025,5,0.5374,0.5078,0.5578,mt_per_ha,PSA-OPENSTAT-CROPS,observed
mongo-mungbean,Mongo Mungbean,MIMAROPA,MIMAROPA REGION,2021-2025,5,1.0117,0.6353,1.3078,mt_per_ha,PSA-OPENSTAT-CROPS,observed
mongo-mungbean,Mongo Mungbean,V,REGION V (BICOL REGION),2021-2025,5,0.6982,0.6530,0.7572,mt_per_ha,PSA-OPENSTAT-CROPS,observed
mustard,Mustard,CAR,CORDILLERA ADMINISTRATIVE REGION (CAR),2021-2025,5,3.9024,1.7638,5.2580,mt_per_ha,PSA-OPENSTAT-CROPS,observed
mustard,Mustard,I,REGION I (ILOCOS REGION),2021-2025,5,1.7126,1.4723,2.0863,mt_per_ha,PSA-OPENSTAT-CROPS,observed
mustard,Mustard,II,REGION II (CAGAYAN VALLEY),2021-2025,5,2.8543,2.5898,3.0773,mt_per_ha,PSA-OPENSTAT-CROPS,observed
mustard,Mustard,III,REGION III (CENTRAL LUZON),2021-2025,5,2.6192,1.6275,3.2320,mt_per_ha,PSA-OPENSTAT-CROPS,observed
mustard,Mustard,IV-A,REGION IV-A (CALABARZON),2021-2025,5,4.4378,4.2762,4.5907,mt_per_ha,PSA-OPENSTAT-CROPS,observed
mustard,Mustard,MIMAROPA,MIMAROPA REGION,2021-2025,5,2.2007,1.9446,2.3740,mt_per_ha,PSA-OPENSTAT-CROPS,observed
mustard,Mustard,V,REGION V (BICOL REGION),2021-2025,5,1.1241,0.3383,2.3055,mt_per_ha,PSA-OPENSTAT-CROPS,observed
napier-grass,Napier Grass,I,REGION I (ILOCOS REGION),2021-2025,5,6.5810,5.7794,7.0566,mt_per_ha,PSA-OPENSTAT-CROPS,observed
napier-grass,Napier Grass,II,REGION II (CAGAYAN VALLEY),2021-2025,5,1.1122,0.7508,1.3296,mt_per_ha,PSA-OPENSTAT-CROPS,observed
napier-grass,Napier Grass,III,REGION III (CENTRAL LUZON),2021-2025,5,14.7672,6.5753,40.3462,mt_per_ha,PSA-OPENSTAT-CROPS,observed
napier-grass,Napier Grass,IV-A,REGION IV-A (CALABARZON),2021-2025,5,21.1113,10.8655,52.3075,mt_per_ha,PSA-OPENSTAT-CROPS,observed
napier-grass,Napier Grass,MIMAROPA,MIMAROPA REGION,2021-2025,5,3.7163,2.3297,4.3399,mt_per_ha,PSA-OPENSTAT-CROPS,observed
napier-grass,Napier Grass,V,REGION V (BICOL REGION),2021-2025,5,1.7652,1.1325,2.6377,mt_per_ha,PSA-OPENSTAT-CROPS,observed
ngalug,Ngalug,I,REGION I (ILOCOS REGION),2021-2025,5,0.2352,0.1984,0.2650,mt_per_ha,PSA-OPENSTAT-CROPS,observed
ngalug,Ngalug,II,REGION II (CAGAYAN VALLEY),2021-2025,5,0.0923,0.0524,0.1206,mt_per_ha,PSA-OPENSTAT-CROPS,observed
okra-lady-s-finger,Okra Lady S Finger,CAR,CORDILLERA ADMINISTRATIVE REGION (CAR),2021-2025,5,3.5762,2.3672,6.9081,mt_per_ha,PSA-OPENSTAT-CROPS,observed
okra-lady-s-finger,Okra Lady S Finger,I,REGION I (ILOCOS REGION),2021-2025,5,9.0553,7.2917,9.6138,mt_per_ha,PSA-OPENSTAT-CROPS,observed
okra-lady-s-finger,Okra Lady S Finger,II,REGION II (CAGAYAN VALLEY),2021-2025,5,8.6800,8.5083,8.9774,mt_per_ha,PSA-OPENSTAT-CROPS,observed
okra-lady-s-finger,Okra Lady S Finger,III,REGION III (CENTRAL LUZON),2021-2025,5,10.8187,9.0093,11.8278,mt_per_ha,PSA-OPENSTAT-CROPS,observed
okra-lady-s-finger,Okra Lady S Finger,IV-A,REGION IV-A (CALABARZON),2021-2025,5,8.6621,6.9837,10.8990,mt_per_ha,PSA-OPENSTAT-CROPS,observed
okra-lady-s-finger,Okra Lady S Finger,MIMAROPA,MIMAROPA REGION,2021-2025,5,2.5030,1.7687,2.9608,mt_per_ha,PSA-OPENSTAT-CROPS,observed
okra-lady-s-finger,Okra Lady S Finger,V,REGION V (BICOL REGION),2021-2025,5,9.3684,6.0702,11.1344,mt_per_ha,PSA-OPENSTAT-CROPS,observed
onion-bermuda,Onion Bermuda,I,REGION I (ILOCOS REGION),2021-2025,5,12.0389,5.3795,26.6188,mt_per_ha,PSA-OPENSTAT-CROPS,observed
onion-bermuda,Onion Bermuda,II,REGION II (CAGAYAN VALLEY),2021-2025,5,12.4567,10.0473,13.2874,mt_per_ha,PSA-OPENSTAT-CROPS,observed
onion-bermuda,Onion Bermuda,III,REGION III (CENTRAL LUZON),2021-2025,5,12.5258,11.6200,13.3575,mt_per_ha,PSA-OPENSTAT-CROPS,observed
onion-bermuda,Onion Bermuda,IV-A,REGION IV-A (CALABARZON),2021-2025,5,3.2728,0.7708,5.9400,mt_per_ha,PSA-OPENSTAT-CROPS,observed
onion-bermuda,Onion Bermuda,MIMAROPA,MIMAROPA REGION,2021-2025,5,10.8481,8.4795,13.5199,mt_per_ha,PSA-OPENSTAT-CROPS,observed
onion-leeks,Onion Leeks,CAR,CORDILLERA ADMINISTRATIVE REGION (CAR),2021-2025,5,7.6951,7.0361,8.2800,mt_per_ha,PSA-OPENSTAT-CROPS,observed
onion-leeks,Onion Leeks,I,REGION I (ILOCOS REGION),2021-2025,5,6.5295,6.2183,7.1544,mt_per_ha,PSA-OPENSTAT-CROPS,observed
onion-leeks,Onion Leeks,II,REGION II (CAGAYAN VALLEY),2021-2025,5,2.5610,2.2775,2.8362,mt_per_ha,PSA-OPENSTAT-CROPS,observed
onion-leeks,Onion Leeks,III,REGION III (CENTRAL LUZON),2021-2025,5,5.4316,3.0617,7.1556,mt_per_ha,PSA-OPENSTAT-CROPS,observed
onion-leeks,Onion Leeks,IV-A,REGION IV-A (CALABARZON),2021-2025,5,2.0877,1.4041,2.4079,mt_per_ha,PSA-OPENSTAT-CROPS,observed
onion-leeks,Onion Leeks,MIMAROPA,MIMAROPA REGION,2021-2025,5,3.6087,1.2238,5.7021,mt_per_ha,PSA-OPENSTAT-CROPS,observed
onion-mature-bulb,Onion Mature Bulb,I,REGION I (ILOCOS REGION),2021-2025,5,10.5875,8.8177,13.1698,mt_per_ha,PSA-OPENSTAT-CROPS,observed
onion-mature-bulb,Onion Mature Bulb,II,REGION II (CAGAYAN VALLEY),2021-2025,5,12.0974,9.8317,12.8546,mt_per_ha,PSA-OPENSTAT-CROPS,observed
onion-mature-bulb,Onion Mature Bulb,III,REGION III (CENTRAL LUZON),2021-2025,5,12.6265,11.6824,13.4991,mt_per_ha,PSA-OPENSTAT-CROPS,observed
onion-mature-bulb,Onion Mature Bulb,IV-A,REGION IV-A (CALABARZON),2021-2025,5,3.4790,0.9648,5.9400,mt_per_ha,PSA-OPENSTAT-CROPS,observed
onion-mature-bulb,Onion Mature Bulb,MIMAROPA,MIMAROPA REGION,2021-2025,5,10.6586,8.1452,13.5191,mt_per_ha,PSA-OPENSTAT-CROPS,observed
onion-red-shallot-sibuyas-tagalog,Onion Red Shallot Sibuyas Tagalog,I,REGION I (ILOCOS REGION),2021-2025,5,10.2728,9.3981,10.8685,mt_per_ha,PSA-OPENSTAT-CROPS,observed
onion-red-shallot-sibuyas-tagalog,Onion Red Shallot Sibuyas Tagalog,II,REGION II (CAGAYAN VALLEY),2021-2025,5,3.3490,3.2094,3.4747,mt_per_ha,PSA-OPENSTAT-CROPS,observed
onion-red-shallot-sibuyas-tagalog,Onion Red Shallot Sibuyas Tagalog,III,REGION III (CENTRAL LUZON),2021-2025,5,20.3379,15.5776,27.0264,mt_per_ha,PSA-OPENSTAT-CROPS,observed
onion-red-shallot-sibuyas-tagalog,Onion Red Shallot Sibuyas Tagalog,MIMAROPA,MIMAROPA REGION,2021-2025,5,3.5192,0.3664,6.8627,mt_per_ha,PSA-OPENSTAT-CROPS,observed
orange,Orange,CAR,CORDILLERA ADMINISTRATIVE REGION (CAR),2021-2025,5,3.2887,0.3327,4.1451,mt_per_ha,PSA-OPENSTAT-CROPS,observed
orange,Orange,I,REGION I (ILOCOS REGION),2021-2025,5,1.3393,0.9862,1.5771,mt_per_ha,PSA-OPENSTAT-CROPS,observed
orange,Orange,II,REGION II (CAGAYAN VALLEY),2021-2025,5,1.4314,1.3142,1.5168,mt_per_ha,PSA-OPENSTAT-CROPS,observed
orange,Orange,IV-A,REGION IV-A (CALABARZON),2021-2025,5,1.3880,0.7950,2.7400,mt_per_ha,PSA-OPENSTAT-CROPS,observed
orange,Orange,MIMAROPA,MIMAROPA REGION,2021-2025,5,6.2443,3.1067,10.5714,mt_per_ha,PSA-OPENSTAT-CROPS,observed
orchids,Orchids,I,REGION I (ILOCOS REGION),2021-2025,5,9.9236,8.8980,10.7333,mt_per_ha,PSA-OPENSTAT-CROPS,observed
orchids,Orchids,II,REGION II (CAGAYAN VALLEY),2021-2025,5,5.5482,5.3700,5.8700,mt_per_ha,PSA-OPENSTAT-CROPS,observed
orchids,Orchids,III,REGION III (CENTRAL LUZON),2021-2025,5,1.9232,1.6746,2.2083,mt_per_ha,PSA-OPENSTAT-CROPS,observed
orchids,Orchids,IV-A,REGION IV-A (CALABARZON),2021-2025,5,8.4065,7.3843,10.8348,mt_per_ha,PSA-OPENSTAT-CROPS,observed
orchids,Orchids,MIMAROPA,MIMAROPA REGION,2021-2025,5,11.5266,10.7298,11.8745,mt_per_ha,PSA-OPENSTAT-CROPS,observed
orchids,Orchids,V,REGION V (BICOL REGION),2021-2025,5,24.5979,11.1770,33.9046,mt_per_ha,PSA-OPENSTAT-CROPS,observed
orchids-dendrobium,Orchids Dendrobium,I,REGION I (ILOCOS REGION),2021-2025,5,10.0325,9.4222,10.6000,mt_per_ha,PSA-OPENSTAT-CROPS,observed
orchids-dendrobium,Orchids Dendrobium,II,REGION II (CAGAYAN VALLEY),2021-2025,5,4.3275,4.1029,4.4712,mt_per_ha,PSA-OPENSTAT-CROPS,observed
orchids-dendrobium,Orchids Dendrobium,III,REGION III (CENTRAL LUZON),2021-2025,5,2.1457,1.8749,2.4730,mt_per_ha,PSA-OPENSTAT-CROPS,observed
orchids-dendrobium,Orchids Dendrobium,IV-A,REGION IV-A (CALABARZON),2021-2025,5,9.6174,7.6673,13.3361,mt_per_ha,PSA-OPENSTAT-CROPS,observed
orchids-dendrobium,Orchids Dendrobium,MIMAROPA,MIMAROPA REGION,2021-2025,5,11.6707,10.9384,13.4135,mt_per_ha,PSA-OPENSTAT-CROPS,observed
orchids-dendrobium,Orchids Dendrobium,V,REGION V (BICOL REGION),2021-2025,5,20.5439,6.1319,31.9116,mt_per_ha,PSA-OPENSTAT-CROPS,observed
orchids-vanda,Orchids Vanda,I,REGION I (ILOCOS REGION),2021-2025,5,9.8582,8.4465,11.0286,mt_per_ha,PSA-OPENSTAT-CROPS,observed
orchids-vanda,Orchids Vanda,II,REGION II (CAGAYAN VALLEY),2021-2025,5,7.3984,7.0463,7.8053,mt_per_ha,PSA-OPENSTAT-CROPS,observed
orchids-vanda,Orchids Vanda,III,REGION III (CENTRAL LUZON),2021-2025,5,1.7003,1.4859,2.0831,mt_per_ha,PSA-OPENSTAT-CROPS,observed
orchids-vanda,Orchids Vanda,IV-A,REGION IV-A (CALABARZON),2021-2025,5,7.2385,6.5770,8.5936,mt_per_ha,PSA-OPENSTAT-CROPS,observed
orchids-vanda,Orchids Vanda,MIMAROPA,MIMAROPA REGION,2021-2025,5,11.3857,9.5526,12.6900,mt_per_ha,PSA-OPENSTAT-CROPS,observed
orchids-vanda,Orchids Vanda,V,REGION V (BICOL REGION),2021-2025,5,28.3373,16.1543,35.7426,mt_per_ha,PSA-OPENSTAT-CROPS,observed
oregano,Oregano,I,REGION I (ILOCOS REGION),2021-2025,5,10.3840,9.4559,12.7941,mt_per_ha,PSA-OPENSTAT-CROPS,observed
oregano,Oregano,II,REGION II (CAGAYAN VALLEY),2021-2025,5,1.1762,1.0427,1.2799,mt_per_ha,PSA-OPENSTAT-CROPS,observed
oregano,Oregano,III,REGION III (CENTRAL LUZON),2021-2025,5,7.1248,6.5091,7.5676,mt_per_ha,PSA-OPENSTAT-CROPS,observed
oregano,Oregano,IV-A,REGION IV-A (CALABARZON),2021-2025,5,1.4242,0.9800,1.7980,mt_per_ha,PSA-OPENSTAT-CROPS,observed
oregano,Oregano,MIMAROPA,MIMAROPA REGION,2021-2025,5,2.1072,1.7562,2.4625,mt_per_ha,PSA-OPENSTAT-CROPS,observed
oregano,Oregano,V,REGION V (BICOL REGION),2021-2025,5,1.7704,0.6935,2.7428,mt_per_ha,PSA-OPENSTAT-CROPS,observed
pako-edible-fern,Pako Edible Fern,CAR,CORDILLERA ADMINISTRATIVE REGION (CAR),2021-2025,5,3.3882,2.7391,4.0993,mt_per_ha,PSA-OPENSTAT-CROPS,observed
pako-edible-fern,Pako Edible Fern,I,REGION I (ILOCOS REGION),2021-2025,5,0.7021,0.3605,1.0000,mt_per_ha,PSA-OPENSTAT-CROPS,observed
pako-edible-fern,Pako Edible Fern,II,REGION II (CAGAYAN VALLEY),2021-2025,5,2.6848,2.3972,2.9068,mt_per_ha,PSA-OPENSTAT-CROPS,observed
pako-edible-fern,Pako Edible Fern,III,REGION III (CENTRAL LUZON),2021-2025,5,2.4944,1.9567,2.9633,mt_per_ha,PSA-OPENSTAT-CROPS,observed
pako-edible-fern,Pako Edible Fern,IV-A,REGION IV-A (CALABARZON),2021-2025,5,7.7121,6.9333,8.6224,mt_per_ha,PSA-OPENSTAT-CROPS,observed
pako-edible-fern,Pako Edible Fern,MIMAROPA,MIMAROPA REGION,2021-2025,5,1.3192,0.7188,1.9347,mt_per_ha,PSA-OPENSTAT-CROPS,observed
pako-edible-fern,Pako Edible Fern,V,REGION V (BICOL REGION),2021-2025,5,2.1412,1.6656,2.5101,mt_per_ha,PSA-OPENSTAT-CROPS,observed
palay,Palay,CAR,CORDILLERA ADMINISTRATIVE REGION (CAR),2021-2025,5,3.5205,3.2018,3.7777,mt_per_ha,PSA-OPENSTAT-CROPS,observed
palay,Palay,I,REGION I (ILOCOS REGION),2021-2025,5,4.7775,4.6508,4.8434,mt_per_ha,PSA-OPENSTAT-CROPS,observed
palay,Palay,II,REGION II (CAGAYAN VALLEY),2021-2025,5,4.7587,4.6721,4.8854,mt_per_ha,PSA-OPENSTAT-CROPS,observed
palay,Palay,III,REGION III (CENTRAL LUZON),2021-2025,5,5.1686,5.1295,5.2512,mt_per_ha,PSA-OPENSTAT-CROPS,observed
palay,Palay,IV-A,REGION IV-A (CALABARZON),2021-2025,5,3.7283,3.4793,4.0011,mt_per_ha,PSA-OPENSTAT-CROPS,observed
palay,Palay,MIMAROPA,MIMAROPA REGION,2021-2025,5,3.8929,3.7807,3.9509,mt_per_ha,PSA-OPENSTAT-CROPS,observed
palay,Palay,V,REGION V (BICOL REGION),2021-2025,5,3.7393,3.6011,3.8928,mt_per_ha,PSA-OPENSTAT-CROPS,observed
palm-ornamentals,Palm Ornamentals,IV-A,REGION IV-A (CALABARZON),2021-2025,5,7.0746,5.7413,8.3088,mt_per_ha,PSA-OPENSTAT-CROPS,observed
palm-ornamentals,Palm Ornamentals,MIMAROPA,MIMAROPA REGION,2021-2025,5,26.9000,13.6667,56.0000,mt_per_ha,PSA-OPENSTAT-CROPS,observed
palong-manok,Palong Manok,IV-A,REGION IV-A (CALABARZON),2021-2025,5,1.4889,1.3889,1.5444,mt_per_ha,PSA-OPENSTAT-CROPS,observed
paminta-black-pepper,Paminta Black Pepper,I,REGION I (ILOCOS REGION),2021-2025,5,1.0730,1.0000,1.1049,mt_per_ha,PSA-OPENSTAT-CROPS,observed
paminta-black-pepper,Paminta Black Pepper,II,REGION II (CAGAYAN VALLEY),2021-2025,5,0.2797,0.0187,1.2638,mt_per_ha,PSA-OPENSTAT-CROPS,observed
paminta-black-pepper,Paminta Black Pepper,IV-A,REGION IV-A (CALABARZON),2021-2025,5,0.4659,0.3784,0.5375,mt_per_ha,PSA-OPENSTAT-CROPS,observed
paminta-black-pepper,Paminta Black Pepper,MIMAROPA,MIMAROPA REGION,2021-2025,5,1.5110,1.0908,1.9737,mt_per_ha,PSA-OPENSTAT-CROPS,observed
paminta-black-pepper,Paminta Black Pepper,V,REGION V (BICOL REGION),2021-2025,5,1.5728,1.0653,2.0173,mt_per_ha,PSA-OPENSTAT-CROPS,observed
pandan-for-fiber,Pandan For Fiber,I,REGION I (ILOCOS REGION),2021-2025,5,0.9629,0.3273,1.4583,mt_per_ha,PSA-OPENSTAT-CROPS,observed
pandan-for-fiber,Pandan For Fiber,III,REGION III (CENTRAL LUZON),2021-2025,5,3.2765,0.3988,12.1000,mt_per_ha,PSA-OPENSTAT-CROPS,observed
pandan-for-fiber,Pandan For Fiber,IV-A,REGION IV-A (CALABARZON),2021-2025,5,4.1131,4.0666,4.1871,mt_per_ha,PSA-OPENSTAT-CROPS,observed
pandan-fresh-leaves,Pandan Fresh Leaves,II,REGION II (CAGAYAN VALLEY),2021-2025,5,1.2177,1.0668,1.4312,mt_per_ha,PSA-OPENSTAT-CROPS,observed
pandan-fresh-leaves,Pandan Fresh Leaves,III,REGION III (CENTRAL LUZON),2021-2025,5,5.9674,2.9728,7.2725,mt_per_ha,PSA-OPENSTAT-CROPS,observed
pandan-fresh-leaves,Pandan Fresh Leaves,IV-A,REGION IV-A (CALABARZON),2021-2025,5,1.2903,1.2085,1.3549,mt_per_ha,PSA-OPENSTAT-CROPS,observed
pandan-fresh-leaves,Pandan Fresh Leaves,MIMAROPA,MIMAROPA REGION,2021-2025,5,1.6774,1.4767,1.8378,mt_per_ha,PSA-OPENSTAT-CROPS,observed
pandan-fresh-leaves,Pandan Fresh Leaves,V,REGION V (BICOL REGION),2021-2025,5,2.9074,0.4572,5.7314,mt_per_ha,PSA-OPENSTAT-CROPS,observed
pao-galiang,Pao Galiang,CAR,CORDILLERA ADMINISTRATIVE REGION (CAR),2021-2025,5,3.9059,2.2607,6.1695,mt_per_ha,PSA-OPENSTAT-CROPS,observed
pao-galiang,Pao Galiang,I,REGION I (ILOCOS REGION),2021-2025,5,3.5196,3.4016,3.6720,mt_per_ha,PSA-OPENSTAT-CROPS,observed
pao-galiang,Pao Galiang,II,REGION II (CAGAYAN VALLEY),2021-2025,5,5.1089,4.6118,5.4150,mt_per_ha,PSA-OPENSTAT-CROPS,observed
pao-galiang,Pao Galiang,III,REGION III (CENTRAL LUZON),2021-2025,5,5.4723,1.6463,8.3047,mt_per_ha,PSA-OPENSTAT-CROPS,observed
pao-galiang,Pao Galiang,IV-A,REGION IV-A (CALABARZON),2021-2025,5,1.8221,1.0131,2.8843,mt_per_ha,PSA-OPENSTAT-CROPS,observed
pao-galiang,Pao Galiang,V,REGION V (BICOL REGION),2021-2025,5,4.6504,0.6713,9.9739,mt_per_ha,PSA-OPENSTAT-CROPS,observed
papait,Papait,I,REGION I (ILOCOS REGION),2021-2025,5,0.5188,0.4414,0.5523,mt_per_ha,PSA-OPENSTAT-CROPS,observed
papait,Papait,II,REGION II (CAGAYAN VALLEY),2021-2025,5,1.1485,0.9231,1.5146,mt_per_ha,PSA-OPENSTAT-CROPS,observed
papait,Papait,III,REGION III (CENTRAL LUZON),2021-2025,5,2.9901,1.5704,4.6852,mt_per_ha,PSA-OPENSTAT-CROPS,observed
papaya,Papaya,CAR,CORDILLERA ADMINISTRATIVE REGION (CAR),2021-2025,5,7.5964,4.7929,8.8861,mt_per_ha,PSA-OPENSTAT-CROPS,observed
papaya,Papaya,I,REGION I (ILOCOS REGION),2021-2025,5,11.9309,11.1910,12.9758,mt_per_ha,PSA-OPENSTAT-CROPS,observed
papaya,Papaya,II,REGION II (CAGAYAN VALLEY),2021-2025,5,4.4362,4.0735,5.1611,mt_per_ha,PSA-OPENSTAT-CROPS,observed
papaya,Papaya,III,REGION III (CENTRAL LUZON),2021-2025,5,6.3027,5.4013,6.7232,mt_per_ha,PSA-OPENSTAT-CROPS,observed
papaya,Papaya,IV-A,REGION IV-A (CALABARZON),2021-2025,5,9.9816,9.7377,10.4468,mt_per_ha,PSA-OPENSTAT-CROPS,observed
papaya,Papaya,MIMAROPA,MIMAROPA REGION,2021-2025,5,13.9228,12.3966,18.0344,mt_per_ha,PSA-OPENSTAT-CROPS,observed
papaya,Papaya,V,REGION V (BICOL REGION),2021-2025,5,7.5512,5.0355,9.4017,mt_per_ha,PSA-OPENSTAT-CROPS,observed
papaya-hawaiian,Papaya Hawaiian,CAR,CORDILLERA ADMINISTRATIVE REGION (CAR),2021-2025,5,6.2846,2.7633,9.4598,mt_per_ha,PSA-OPENSTAT-CROPS,observed
papaya-hawaiian,Papaya Hawaiian,I,REGION I (ILOCOS REGION),2021-2025,5,10.6372,9.7628,11.8674,mt_per_ha,PSA-OPENSTAT-CROPS,observed
papaya-hawaiian,Papaya Hawaiian,II,REGION II (CAGAYAN VALLEY),2021-2025,5,8.1853,7.3916,9.3077,mt_per_ha,PSA-OPENSTAT-CROPS,observed
papaya-hawaiian,Papaya Hawaiian,III,REGION III (CENTRAL LUZON),2021-2025,5,7.8485,5.1643,8.7039,mt_per_ha,PSA-OPENSTAT-CROPS,observed
papaya-hawaiian,Papaya Hawaiian,IV-A,REGION IV-A (CALABARZON),2021-2025,5,8.3032,7.8299,8.9112,mt_per_ha,PSA-OPENSTAT-CROPS,observed
papaya-hawaiian,Papaya Hawaiian,MIMAROPA,MIMAROPA REGION,2021-2025,5,23.5575,20.7181,28.8475,mt_per_ha,PSA-OPENSTAT-CROPS,observed
papaya-hawaiian,Papaya Hawaiian,V,REGION V (BICOL REGION),2021-2025,5,7.8428,5.8929,9.9783,mt_per_ha,PSA-OPENSTAT-CROPS,observed
papaya-native,Papaya Native,CAR,CORDILLERA ADMINISTRATIVE REGION (CAR),2021-2025,5,8.9485,7.2072,10.7091,mt_per_ha,PSA-OPENSTAT-CROPS,observed
papaya-native,Papaya Native,I,REGION I (ILOCOS REGION),2021-2025,5,12.9413,11.5046,13.9275,mt_per_ha,PSA-OPENSTAT-CROPS,observed
papaya-native,Papaya Native,II,REGION II (CAGAYAN VALLEY),2021-2025,5,3.9309,3.6066,4.5835,mt_per_ha,PSA-OPENSTAT-CROPS,observed
papaya-native,Papaya Native,III,REGION III (CENTRAL LUZON),2021-2025,5,5.5472,5.2817,5.9233,mt_per_ha,PSA-OPENSTAT-CROPS,observed
papaya-native,Papaya Native,IV-A,REGION IV-A (CALABARZON),2021-2025,5,11.2390,10.7573,11.4603,mt_per_ha,PSA-OPENSTAT-CROPS,observed
papaya-native,Papaya Native,MIMAROPA,MIMAROPA REGION,2021-2025,5,8.9691,7.7391,12.0079,mt_per_ha,PSA-OPENSTAT-CROPS,observed
papaya-native,Papaya Native,V,REGION V (BICOL REGION),2021-2025,5,7.2222,3.8158,8.5522,mt_per_ha,PSA-OPENSTAT-CROPS,observed
papaya-solo,Papaya Solo,CAR,CORDILLERA ADMINISTRATIVE REGION (CAR),2021-2025,5,1.5030,0.7750,3.1566,mt_per_ha,PSA-OPENSTAT-CROPS,observed
papaya-solo,Papaya Solo,I,REGION I (ILOCOS REGION),2021-2025,5,10.2044,8.8148,10.8324,mt_per_ha,PSA-OPENSTAT-CROPS,observed
papaya-solo,Papaya Solo,II,REGION II (CAGAYAN VALLEY),2021-2025,5,3.4003,2.8469,4.0267,mt_per_ha,PSA-OPENSTAT-CROPS,observed
papaya-solo,Papaya Solo,III,REGION III (CENTRAL LUZON),2021-2025,5,7.2791,7.0131,7.6163,mt_per_ha,PSA-OPENSTAT-CROPS,observed
papaya-solo,Papaya Solo,MIMAROPA,MIMAROPA REGION,2021-2025,5,2.8217,2.2560,3.5280,mt_per_ha,PSA-OPENSTAT-CROPS,observed
papaya-solo,Papaya Solo,V,REGION V (BICOL REGION),2021-2025,5,3.4000,1.9833,5.6627,mt_per_ha,PSA-OPENSTAT-CROPS,observed
parsley,Parsley,CAR,CORDILLERA ADMINISTRATIVE REGION (CAR),2021-2025,5,2.4541,0.9950,4.6100,mt_per_ha,PSA-OPENSTAT-CROPS,observed
parsley,Parsley,II,REGION II (CAGAYAN VALLEY),2021-2025,5,0.1143,0.0400,0.4000,mt_per_ha,PSA-OPENSTAT-CROPS,observed
passion-fruit,Passion Fruit,CAR,CORDILLERA ADMINISTRATIVE REGION (CAR),2021-2025,5,6.9515,2.3832,15.5745,mt_per_ha,PSA-OPENSTAT-CROPS,observed
passion-fruit,Passion Fruit,I,REGION I (ILOCOS REGION),2021-2025,5,2.4253,1.6136,4.7692,mt_per_ha,PSA-OPENSTAT-CROPS,observed
passion-fruit,Passion Fruit,II,REGION II (CAGAYAN VALLEY),2021-2025,5,7.9058,6.4375,10.9333,mt_per_ha,PSA-OPENSTAT-CROPS,observed
passion-fruit,Passion Fruit,III,REGION III (CENTRAL LUZON),2021-2025,5,0.9251,0.5667,1.1176,mt_per_ha,PSA-OPENSTAT-CROPS,observed
passion-fruit,Passion Fruit,IV-A,REGION IV-A (CALABARZON),2021-2025,5,1.0424,0.7535,1.3186,mt_per_ha,PSA-OPENSTAT-CROPS,observed
passion-fruit,Passion Fruit,MIMAROPA,MIMAROPA REGION,2021-2025,5,1.4615,0.7647,2.2500,mt_per_ha,PSA-OPENSTAT-CROPS,observed
passion-fruit,Passion Fruit,V,REGION V (BICOL REGION),2021-2025,5,0.1833,0.0495,0.4917,mt_per_ha,PSA-OPENSTAT-CROPS,observed
patani-lima-beans,Patani Lima Beans,CAR,CORDILLERA ADMINISTRATIVE REGION (CAR),2021-2025,5,1.5674,1.1057,2.3664,mt_per_ha,PSA-OPENSTAT-CROPS,observed
patani-lima-beans,Patani Lima Beans,I,REGION I (ILOCOS REGION),2021-2025,5,2.7600,2.2781,3.1104,mt_per_ha,PSA-OPENSTAT-CROPS,observed
patani-lima-beans,Patani Lima Beans,II,REGION II (CAGAYAN VALLEY),2021-2025,5,1.4545,1.2521,1.6589,mt_per_ha,PSA-OPENSTAT-CROPS,observed
patani-lima-beans,Patani Lima Beans,III,REGION III (CENTRAL LUZON),2021-2025,5,1.7554,1.0638,2.2496,mt_per_ha,PSA-OPENSTAT-CROPS,observed
patani-lima-beans,Patani Lima Beans,IV-A,REGION IV-A (CALABARZON),2021-2025,5,0.7605,0.3861,1.7642,mt_per_ha,PSA-OPENSTAT-CROPS,observed
patani-lima-beans,Patani Lima Beans,MIMAROPA,MIMAROPA REGION,2021-2025,5,0.1953,0.1486,0.2809,mt_per_ha,PSA-OPENSTAT-CROPS,observed
patani-lima-beans,Patani Lima Beans,V,REGION V (BICOL REGION),2021-2025,5,0.7707,0.4588,1.8023,mt_per_ha,PSA-OPENSTAT-CROPS,observed
patola,Patola,CAR,CORDILLERA ADMINISTRATIVE REGION (CAR),2021-2025,5,2.4837,1.9768,3.0086,mt_per_ha,PSA-OPENSTAT-CROPS,observed
patola,Patola,I,REGION I (ILOCOS REGION),2021-2025,5,4.9499,4.4481,5.5460,mt_per_ha,PSA-OPENSTAT-CROPS,observed
patola,Patola,II,REGION II (CAGAYAN VALLEY),2021-2025,5,5.4525,5.1960,5.7087,mt_per_ha,PSA-OPENSTAT-CROPS,observed
patola,Patola,III,REGION III (CENTRAL LUZON),2021-2025,5,5.3231,4.9704,5.4442,mt_per_ha,PSA-OPENSTAT-CROPS,observed
patola,Patola,IV-A,REGION IV-A (CALABARZON),2021-2025,5,5.1376,4.7638,5.5837,mt_per_ha,PSA-OPENSTAT-CROPS,observed
patola,Patola,MIMAROPA,MIMAROPA REGION,2021-2025,5,3.3226,2.9571,3.7470,mt_per_ha,PSA-OPENSTAT-CROPS,observed
patola,Patola,V,REGION V (BICOL REGION),2021-2025,5,2.9290,1.6788,5.3191,mt_per_ha,PSA-OPENSTAT-CROPS,observed
peanut-with-shell-dry,Peanut With Shell Dry,CAR,CORDILLERA ADMINISTRATIVE REGION (CAR),2021-2025,5,0.5598,0.3473,0.8434,mt_per_ha,PSA-OPENSTAT-CROPS,observed
peanut-with-shell-dry,Peanut With Shell Dry,I,REGION I (ILOCOS REGION),2021-2025,5,1.6344,1.5649,1.7124,mt_per_ha,PSA-OPENSTAT-CROPS,observed
peanut-with-shell-dry,Peanut With Shell Dry,II,REGION II (CAGAYAN VALLEY),2021-2025,5,1.3138,1.2003,1.3844,mt_per_ha,PSA-OPENSTAT-CROPS,observed
peanut-with-shell-dry,Peanut With Shell Dry,III,REGION III (CENTRAL LUZON),2021-2025,5,1.4427,1.0093,1.7057,mt_per_ha,PSA-OPENSTAT-CROPS,observed
peanut-with-shell-dry,Peanut With Shell Dry,IV-A,REGION IV-A (CALABARZON),2021-2025,5,1.1523,1.0147,1.2923,mt_per_ha,PSA-OPENSTAT-CROPS,observed
peanut-with-shell-dry,Peanut With Shell Dry,MIMAROPA,MIMAROPA REGION,2021-2025,5,1.2260,0.8671,1.4722,mt_per_ha,PSA-OPENSTAT-CROPS,observed
peanut-with-shell-dry,Peanut With Shell Dry,V,REGION V (BICOL REGION),2021-2025,5,0.9672,0.7088,1.4955,mt_per_ha,PSA-OPENSTAT-CROPS,observed
pears,Pears,CAR,CORDILLERA ADMINISTRATIVE REGION (CAR),2021-2025,5,1.0141,0.9115,1.0918,mt_per_ha,PSA-OPENSTAT-CROPS,observed
pechay,Pechay,CAR,CORDILLERA ADMINISTRATIVE REGION (CAR),2021-2025,5,16.4167,15.4685,17.6677,mt_per_ha,PSA-OPENSTAT-CROPS,observed
pechay,Pechay,I,REGION I (ILOCOS REGION),2021-2025,5,5.0791,4.7610,5.5231,mt_per_ha,PSA-OPENSTAT-CROPS,observed
pechay,Pechay,II,REGION II (CAGAYAN VALLEY),2021-2025,5,5.6820,4.5873,6.5153,mt_per_ha,PSA-OPENSTAT-CROPS,observed
pechay,Pechay,III,REGION III (CENTRAL LUZON),2021-2025,5,8.9409,7.4841,10.1319,mt_per_ha,PSA-OPENSTAT-CROPS,observed
pechay,Pechay,IV-A,REGION IV-A (CALABARZON),2021-2025,5,7.5244,6.9183,7.8476,mt_per_ha,PSA-OPENSTAT-CROPS,observed
pechay,Pechay,MIMAROPA,MIMAROPA REGION,2021-2025,5,3.3392,2.7786,4.2699,mt_per_ha,PSA-OPENSTAT-CROPS,observed
pechay,Pechay,V,REGION V (BICOL REGION),2021-2025,5,6.4878,4.9738,8.7333,mt_per_ha,PSA-OPENSTAT-CROPS,observed
pechay-native,Pechay Native,CAR,CORDILLERA ADMINISTRATIVE REGION (CAR),2021-2025,5,6.0659,5.3264,6.7444,mt_per_ha,PSA-OPENSTAT-CROPS,observed
pechay-native,Pechay Native,I,REGION I (ILOCOS REGION),2021-2025,5,5.0919,4.7759,5.5657,mt_per_ha,PSA-OPENSTAT-CROPS,observed
pechay-native,Pechay Native,II,REGION II (CAGAYAN VALLEY),2021-2025,5,5.7537,4.6550,6.5538,mt_per_ha,PSA-OPENSTAT-CROPS,observed
pechay-native,Pechay Native,III,REGION III (CENTRAL LUZON),2021-2025,5,9.0150,7.5320,10.2267,mt_per_ha,PSA-OPENSTAT-CROPS,observed
pechay-native,Pechay Native,IV-A,REGION IV-A (CALABARZON),2021-2025,5,7.5853,6.9676,7.9488,mt_per_ha,PSA-OPENSTAT-CROPS,observed
pechay-native,Pechay Native,MIMAROPA,MIMAROPA REGION,2021-2025,5,3.3401,2.7786,4.2699,mt_per_ha,PSA-OPENSTAT-CROPS,observed
pechay-native,Pechay Native,V,REGION V (BICOL REGION),2021-2025,5,6.4879,4.9743,8.7334,mt_per_ha,PSA-OPENSTAT-CROPS,observed
pepper,Pepper,CAR,CORDILLERA ADMINISTRATIVE REGION (CAR),2021-2025,5,11.5745,9.9828,14.0053,mt_per_ha,PSA-OPENSTAT-CROPS,observed
pepper,Pepper,I,REGION I (ILOCOS REGION),2021-2025,5,6.1937,5.8667,6.5833,mt_per_ha,PSA-OPENSTAT-CROPS,observed
pepper,Pepper,II,REGION II (CAGAYAN VALLEY),2021-2025,5,2.4549,2.2630,2.6251,mt_per_ha,PSA-OPENSTAT-CROPS,observed
pepper,Pepper,III,REGION III (CENTRAL LUZON),2021-2025,5,2.5970,2.1156,2.8223,mt_per_ha,PSA-OPENSTAT-CROPS,observed
pepper,Pepper,IV-A,REGION IV-A (CALABARZON),2021-2025,5,10.5479,9.7204,12.9341,mt_per_ha,PSA-OPENSTAT-CROPS,observed
pepper,Pepper,MIMAROPA,MIMAROPA REGION,2021-2025,5,3.3463,2.2436,4.2048,mt_per_ha,PSA-OPENSTAT-CROPS,observed
pepper,Pepper,V,REGION V (BICOL REGION),2021-2025,5,3.3814,1.4689,4.4414,mt_per_ha,PSA-OPENSTAT-CROPS,observed
pepper-bell,Pepper Bell,CAR,CORDILLERA ADMINISTRATIVE REGION (CAR),2021-2025,5,11.6335,10.0164,14.1444,mt_per_ha,PSA-OPENSTAT-CROPS,observed
pepper-bell,Pepper Bell,I,REGION I (ILOCOS REGION),2021-2025,5,6.9791,6.8582,7.1590,mt_per_ha,PSA-OPENSTAT-CROPS,observed
pepper-bell,Pepper Bell,II,REGION II (CAGAYAN VALLEY),2021-2025,5,3.9866,3.7749,4.2630,mt_per_ha,PSA-OPENSTAT-CROPS,observed
pepper-bell,Pepper Bell,III,REGION III (CENTRAL LUZON),2021-2025,5,3.7373,2.2252,4.2020,mt_per_ha,PSA-OPENSTAT-CROPS,observed
pepper-bell,Pepper Bell,IV-A,REGION IV-A (CALABARZON),2021-2025,5,7.1539,5.4155,8.6527,mt_per_ha,PSA-OPENSTAT-CROPS,observed
pepper-bell,Pepper Bell,MIMAROPA,MIMAROPA REGION,2021-2025,5,2.1911,2.0073,2.5641,mt_per_ha,PSA-OPENSTAT-CROPS,observed
pepper-finger,Pepper Finger,CAR,CORDILLERA ADMINISTRATIVE REGION (CAR),2021-2025,5,2.9467,2.4387,4.2729,mt_per_ha,PSA-OPENSTAT-CROPS,observed
pepper-finger,Pepper Finger,I,REGION I (ILOCOS REGION),2021-2025,5,5.4883,4.9085,6.0818,mt_per_ha,PSA-OPENSTAT-CROPS,observed
pepper-finger,Pepper Finger,II,REGION II (CAGAYAN VALLEY),2021-2025,5,2.0748,1.9310,2.2093,mt_per_ha,PSA-OPENSTAT-CROPS,observed
pepper-finger,Pepper Finger,III,REGION III (CENTRAL LUZON),2021-2025,5,2.4931,2.1046,2.7033,mt_per_ha,PSA-OPENSTAT-CROPS,observed
pepper-finger,Pepper Finger,IV-A,REGION IV-A (CALABARZON),2021-2025,5,11.3457,9.9782,14.1496,mt_per_ha,PSA-OPENSTAT-CROPS,observed
pepper-finger,Pepper Finger,MIMAROPA,MIMAROPA REGION,2021-2025,5,3.4828,2.2599,4.3923,mt_per_ha,PSA-OPENSTAT-CROPS,observed
pepper-finger,Pepper Finger,V,REGION V (BICOL REGION),2021-2025,5,3.5031,1.4736,4.4414,mt_per_ha,PSA-OPENSTAT-CROPS,observed
persimmon,Persimmon,CAR,CORDILLERA ADMINISTRATIVE REGION (CAR),2021-2025,5,3.9471,1.5109,11.5440,mt_per_ha,PSA-OPENSTAT-CROPS,observed
pili-nut,Pili Nut,IV-A,REGION IV-A (CALABARZON),2021-2025,5,2.3423,1.7176,3.0558,mt_per_ha,PSA-OPENSTAT-CROPS,observed
pili-nut,Pili Nut,MIMAROPA,MIMAROPA REGION,2021-2025,5,0.7140,0.5641,1.1782,mt_per_ha,PSA-OPENSTAT-CROPS,observed
pili-nut,Pili Nut,V,REGION V (BICOL REGION),2021-2025,5,2.4615,1.2123,2.9281,mt_per_ha,PSA-OPENSTAT-CROPS,observed
pineapple,Pineapple,CAR,CORDILLERA ADMINISTRATIVE REGION (CAR),2021-2025,5,7.5197,7.0307,8.3121,mt_per_ha,PSA-OPENSTAT-CROPS,observed
pineapple,Pineapple,I,REGION I (ILOCOS REGION),2021-2025,5,8.8357,8.3229,9.2319,mt_per_ha,PSA-OPENSTAT-CROPS,observed
pineapple,Pineapple,II,REGION II (CAGAYAN VALLEY),2021-2025,5,32.8783,31.5534,34.3743,mt_per_ha,PSA-OPENSTAT-CROPS,observed
pineapple,Pineapple,III,REGION III (CENTRAL LUZON),2021-2025,5,12.2176,6.6627,16.1567,mt_per_ha,PSA-OPENSTAT-CROPS,observed
pineapple,Pineapple,IV-A,REGION IV-A (CALABARZON),2021-2025,5,18.5392,17.6706,19.4762,mt_per_ha,PSA-OPENSTAT-CROPS,observed
pineapple,Pineapple,MIMAROPA,MIMAROPA REGION,2021-2025,5,6.8219,5.1287,8.9453,mt_per_ha,PSA-OPENSTAT-CROPS,observed
pineapple,Pineapple,V,REGION V (BICOL REGION),2021-2025,5,38.5257,31.6182,45.5758,mt_per_ha,PSA-OPENSTAT-CROPS,observed
pineapple-fiber,Pineapple Fiber,MIMAROPA,MIMAROPA REGION,2021-2025,5,0.5574,0.0263,1.0010,mt_per_ha,PSA-OPENSTAT-CROPS,observed
pomelo,Pomelo,CAR,CORDILLERA ADMINISTRATIVE REGION (CAR),2021-2025,5,2.9065,2.6179,3.2715,mt_per_ha,PSA-OPENSTAT-CROPS,observed
pomelo,Pomelo,I,REGION I (ILOCOS REGION),2021-2025,5,4.8567,4.2738,5.1989,mt_per_ha,PSA-OPENSTAT-CROPS,observed
pomelo,Pomelo,II,REGION II (CAGAYAN VALLEY),2021-2025,5,5.7666,5.4760,5.8996,mt_per_ha,PSA-OPENSTAT-CROPS,observed
pomelo,Pomelo,III,REGION III (CENTRAL LUZON),2021-2025,5,3.1880,2.9493,3.6350,mt_per_ha,PSA-OPENSTAT-CROPS,observed
pomelo,Pomelo,IV-A,REGION IV-A (CALABARZON),2021-2025,5,3.2359,3.0881,3.4779,mt_per_ha,PSA-OPENSTAT-CROPS,observed
pomelo,Pomelo,MIMAROPA,MIMAROPA REGION,2021-2025,5,2.0702,1.7380,2.7162,mt_per_ha,PSA-OPENSTAT-CROPS,observed
pomelo,Pomelo,V,REGION V (BICOL REGION),2021-2025,5,1.2196,0.8271,1.6977,mt_per_ha,PSA-OPENSTAT-CROPS,observed
potato,Potato,CAR,CORDILLERA ADMINISTRATIVE REGION (CAR),2021-2025,5,19.1108,18.3739,19.4239,mt_per_ha,PSA-OPENSTAT-CROPS,observed
potato,Potato,II,REGION II (CAGAYAN VALLEY),2021-2025,5,7.1726,6.6028,8.2622,mt_per_ha,PSA-OPENSTAT-CROPS,observed
radish,Radish,CAR,CORDILLERA ADMINISTRATIVE REGION (CAR),2021-2025,5,12.3796,10.7569,13.4848,mt_per_ha,PSA-OPENSTAT-CROPS,observed
radish,Radish,I,REGION I (ILOCOS REGION),2021-2025,5,5.8590,3.8351,6.9325,mt_per_ha,PSA-OPENSTAT-CROPS,observed
radish,Radish,II,REGION II (CAGAYAN VALLEY),2021-2025,5,5.6128,5.4816,5.7024,mt_per_ha,PSA-OPENSTAT-CROPS,observed
radish,Radish,III,REGION III (CENTRAL LUZON),2021-2025,5,5.8802,4.4354,7.0251,mt_per_ha,PSA-OPENSTAT-CROPS,observed
radish,Radish,IV-A,REGION IV-A (CALABARZON),2021-2025,5,5.6178,4.5033,6.5563,mt_per_ha,PSA-OPENSTAT-CROPS,observed
radish,Radish,MIMAROPA,MIMAROPA REGION,2021-2025,5,3.4355,2.9317,3.9110,mt_per_ha,PSA-OPENSTAT-CROPS,observed
radish,Radish,V,REGION V (BICOL REGION),2021-2025,5,2.2950,1.8418,2.7561,mt_per_ha,PSA-OPENSTAT-CROPS,observed
radish-pods,Radish Pods,I,REGION I (ILOCOS REGION),2021-2025,5,3.2491,2.3366,4.1724,mt_per_ha,PSA-OPENSTAT-CROPS,observed
rainfed-palay,Rainfed Palay,CAR,CORDILLERA ADMINISTRATIVE REGION (CAR),2021-2025,5,2.6940,2.4900,2.8539,mt_per_ha,PSA-OPENSTAT-CROPS,observed
rainfed-palay,Rainfed Palay,I,REGION I (ILOCOS REGION),2021-2025,5,4.4443,4.1959,4.5561,mt_per_ha,PSA-OPENSTAT-CROPS,observed
rainfed-palay,Rainfed Palay,II,REGION II (CAGAYAN VALLEY),2021-2025,5,3.3928,3.3048,3.4690,mt_per_ha,PSA-OPENSTAT-CROPS,observed
rainfed-palay,Rainfed Palay,III,REGION III (CENTRAL LUZON),2021-2025,5,4.1689,4.0481,4.3105,mt_per_ha,PSA-OPENSTAT-CROPS,observed
rainfed-palay,Rainfed Palay,IV-A,REGION IV-A (CALABARZON),2021-2025,5,3.0489,2.8030,3.2974,mt_per_ha,PSA-OPENSTAT-CROPS,observed
rainfed-palay,Rainfed Palay,MIMAROPA,MIMAROPA REGION,2021-2025,5,3.4788,3.4298,3.5513,mt_per_ha,PSA-OPENSTAT-CROPS,observed
rainfed-palay,Rainfed Palay,V,REGION V (BICOL REGION),2021-2025,5,3.2192,3.1210,3.2700,mt_per_ha,PSA-OPENSTAT-CROPS,observed
rambutan,Rambutan,CAR,CORDILLERA ADMINISTRATIVE REGION (CAR),2021-2025,5,1.8893,1.3443,2.9561,mt_per_ha,PSA-OPENSTAT-CROPS,observed
rambutan,Rambutan,I,REGION I (ILOCOS REGION),2021-2025,5,2.3864,2.1176,2.5961,mt_per_ha,PSA-OPENSTAT-CROPS,observed
rambutan,Rambutan,II,REGION II (CAGAYAN VALLEY),2021-2025,5,1.9196,1.7877,2.0143,mt_per_ha,PSA-OPENSTAT-CROPS,observed
rambutan,Rambutan,III,REGION III (CENTRAL LUZON),2021-2025,5,1.6106,0.9401,2.6028,mt_per_ha,PSA-OPENSTAT-CROPS,observed
rambutan,Rambutan,IV-A,REGION IV-A (CALABARZON),2021-2025,5,2.8221,2.7197,2.9952,mt_per_ha,PSA-OPENSTAT-CROPS,observed
rambutan,Rambutan,MIMAROPA,MIMAROPA REGION,2021-2025,5,0.9566,0.1991,1.9239,mt_per_ha,PSA-OPENSTAT-CROPS,observed
rambutan,Rambutan,V,REGION V (BICOL REGION),2021-2025,5,2.5285,1.1157,5.8724,mt_per_ha,PSA-OPENSTAT-CROPS,observed
rattan-fruits,Rattan Fruits,CAR,CORDILLERA ADMINISTRATIVE REGION (CAR),2021-2025,5,1.2315,0.8400,1.7367,mt_per_ha,PSA-OPENSTAT-CROPS,observed
rattan-fruits,Rattan Fruits,II,REGION II (CAGAYAN VALLEY),2021-2025,5,2.7896,2.1667,3.7246,mt_per_ha,PSA-OPENSTAT-CROPS,observed
red-beans,Red Beans,MIMAROPA,MIMAROPA REGION,2021-2025,5,1.6671,1.2526,2.0948,mt_per_ha,PSA-OPENSTAT-CROPS,observed
roses,Roses,CAR,CORDILLERA ADMINISTRATIVE REGION (CAR),2021-2025,5,39.0421,29.6471,63.1757,mt_per_ha,PSA-OPENSTAT-CROPS,observed
roses,Roses,I,REGION I (ILOCOS REGION),2021-2025,5,10.5331,9.7765,11.3529,mt_per_ha,PSA-OPENSTAT-CROPS,observed
roses,Roses,II,REGION II (CAGAYAN VALLEY),2021-2025,5,11.6764,11.4506,12.1961,mt_per_ha,PSA-OPENSTAT-CROPS,observed
roses,Roses,III,REGION III (CENTRAL LUZON),2021-2025,5,2.8792,2.4078,3.3316,mt_per_ha,PSA-OPENSTAT-CROPS,observed
roses,Roses,IV-A,REGION IV-A (CALABARZON),2021-2025,5,7.1686,6.9457,7.6294,mt_per_ha,PSA-OPENSTAT-CROPS,observed
roses,Roses,MIMAROPA,MIMAROPA REGION,2021-2025,5,1.6396,1.5028,1.9944,mt_per_ha,PSA-OPENSTAT-CROPS,observed
roses,Roses,V,REGION V (BICOL REGION),2021-2025,5,3.1299,2.7704,3.3697,mt_per_ha,PSA-OPENSTAT-CROPS,observed
sabidokong,Sabidokong,CAR,CORDILLERA ADMINISTRATIVE REGION (CAR),2021-2025,5,2.0407,0.4933,6.5600,mt_per_ha,PSA-OPENSTAT-CROPS,observed
sabidokong,Sabidokong,I,REGION I (ILOCOS REGION),2021-2025,5,1.1764,0.9249,1.5237,mt_per_ha,PSA-OPENSTAT-CROPS,observed
sabidokong,Sabidokong,II,REGION II (CAGAYAN VALLEY),2021-2025,5,0.7796,0.6885,0.8861,mt_per_ha,PSA-OPENSTAT-CROPS,observed
sabidokong,Sabidokong,III,REGION III (CENTRAL LUZON),2021-2025,5,0.9129,0.1268,3.1081,mt_per_ha,PSA-OPENSTAT-CROPS,observed
saluyot,Saluyot,CAR,CORDILLERA ADMINISTRATIVE REGION (CAR),2021-2025,5,0.8354,0.6306,1.4864,mt_per_ha,PSA-OPENSTAT-CROPS,observed
saluyot,Saluyot,I,REGION I (ILOCOS REGION),2021-2025,5,3.8624,3.2825,4.3415,mt_per_ha,PSA-OPENSTAT-CROPS,observed
saluyot,Saluyot,II,REGION II (CAGAYAN VALLEY),2021-2025,5,1.3454,1.2410,1.5090,mt_per_ha,PSA-OPENSTAT-CROPS,observed
saluyot,Saluyot,III,REGION III (CENTRAL LUZON),2021-2025,5,2.7291,2.3919,3.4047,mt_per_ha,PSA-OPENSTAT-CROPS,observed
saluyot,Saluyot,IV-A,REGION IV-A (CALABARZON),2021-2025,5,4.7160,3.3975,5.4318,mt_per_ha,PSA-OPENSTAT-CROPS,observed
saluyot,Saluyot,MIMAROPA,MIMAROPA REGION,2021-2025,5,1.6623,1.3383,2.0174,mt_per_ha,PSA-OPENSTAT-CROPS,observed
sampaguita,Sampaguita,I,REGION I (ILOCOS REGION),2021-2025,5,1.9310,1.6548,2.1923,mt_per_ha,PSA-OPENSTAT-CROPS,observed
sampaguita,Sampaguita,II,REGION II (CAGAYAN VALLEY),2021-2025,5,2.4434,2.3233,2.7080,mt_per_ha,PSA-OPENSTAT-CROPS,observed
sampaguita,Sampaguita,III,REGION III (CENTRAL LUZON),2021-2025,5,3.0967,2.6833,4.0245,mt_per_ha,PSA-OPENSTAT-CROPS,observed
sampaguita,Sampaguita,IV-A,REGION IV-A (CALABARZON),2021-2025,5,5.1607,4.8156,5.3072,mt_per_ha,PSA-OPENSTAT-CROPS,observed
sampaguita,Sampaguita,MIMAROPA,MIMAROPA REGION,2021-2025,5,2.1407,1.8433,2.3833,mt_per_ha,PSA-OPENSTAT-CROPS,observed
sampaguita,Sampaguita,V,REGION V (BICOL REGION),2021-2025,5,21.0586,9.7703,35.5329,mt_per_ha,PSA-OPENSTAT-CROPS,observed
samsamping,Samsamping,I,REGION I (ILOCOS REGION),2021-2025,5,0.3362,0.1268,0.6788,mt_per_ha,PSA-OPENSTAT-CROPS,observed
san-francisco,San Francisco,I,REGION I (ILOCOS REGION),2021-2025,5,0.3646,0.3409,0.3750,mt_per_ha,PSA-OPENSTAT-CROPS,observed
san-francisco,San Francisco,II,REGION II (CAGAYAN VALLEY),2021-2025,5,2.6090,1.1833,3.2583,mt_per_ha,PSA-OPENSTAT-CROPS,observed
san-francisco,San Francisco,III,REGION III (CENTRAL LUZON),2021-2025,5,5.3914,5.0468,5.7914,mt_per_ha,PSA-OPENSTAT-CROPS,observed
san-francisco,San Francisco,IV-A,REGION IV-A (CALABARZON),2021-2025,5,1.8208,1.7700,1.9557,mt_per_ha,PSA-OPENSTAT-CROPS,observed
san-francisco,San Francisco,MIMAROPA,MIMAROPA REGION,2021-2025,5,3.0616,1.8495,3.7090,mt_per_ha,PSA-OPENSTAT-CROPS,observed
san-francisco,San Francisco,V,REGION V (BICOL REGION),2021-2025,5,4.5791,0.8811,8.6469,mt_per_ha,PSA-OPENSTAT-CROPS,observed
santan,Santan,I,REGION I (ILOCOS REGION),2021-2025,5,0.9065,0.8358,0.9590,mt_per_ha,PSA-OPENSTAT-CROPS,observed
santan,Santan,II,REGION II (CAGAYAN VALLEY),2021-2025,5,1.4133,0.9565,2.1068,mt_per_ha,PSA-OPENSTAT-CROPS,observed
santan,Santan,III,REGION III (CENTRAL LUZON),2021-2025,5,2.8588,2.7095,2.9456,mt_per_ha,PSA-OPENSTAT-CROPS,observed
santan,Santan,IV-A,REGION IV-A (CALABARZON),2021-2025,5,2.9451,2.7067,3.1156,mt_per_ha,PSA-OPENSTAT-CROPS,observed
santan,Santan,MIMAROPA,MIMAROPA REGION,2021-2025,5,1.4039,0.0166,2.0695,mt_per_ha,PSA-OPENSTAT-CROPS,observed
santan,Santan,V,REGION V (BICOL REGION),2021-2025,5,1.5277,1.2845,1.8282,mt_per_ha,PSA-OPENSTAT-CROPS,observed
santol,Santol,CAR,CORDILLERA ADMINISTRATIVE REGION (CAR),2021-2025,5,10.1329,9.2506,10.4402,mt_per_ha,PSA-OPENSTAT-CROPS,observed
santol,Santol,I,REGION I (ILOCOS REGION),2021-2025,5,3.5640,3.4214,3.9266,mt_per_ha,PSA-OPENSTAT-CROPS,observed
santol,Santol,II,REGION II (CAGAYAN VALLEY),2021-2025,5,1.8650,1.6835,2.0064,mt_per_ha,PSA-OPENSTAT-CROPS,observed
santol,Santol,III,REGION III (CENTRAL LUZON),2021-2025,5,8.1589,7.5932,8.9712,mt_per_ha,PSA-OPENSTAT-CROPS,observed
santol,Santol,IV-A,REGION IV-A (CALABARZON),2021-2025,5,3.5959,3.3388,3.9092,mt_per_ha,PSA-OPENSTAT-CROPS,observed
santol,Santol,MIMAROPA,MIMAROPA REGION,2021-2025,5,3.0238,2.5523,3.6076,mt_per_ha,PSA-OPENSTAT-CROPS,observed
santol,Santol,V,REGION V (BICOL REGION),2021-2025,5,0.8498,0.5510,1.1896,mt_per_ha,PSA-OPENSTAT-CROPS,observed
serial-serales,Serial Serales,II,REGION II (CAGAYAN VALLEY),2021-2025,5,0.8627,0.0588,1.4748,mt_per_ha,PSA-OPENSTAT-CROPS,observed
sesame,Sesame,I,REGION I (ILOCOS REGION),2021-2025,5,0.3003,0.2414,0.3580,mt_per_ha,PSA-OPENSTAT-CROPS,observed
sesame,Sesame,MIMAROPA,MIMAROPA REGION,2021-2025,5,0.9878,0.0380,1.6533,mt_per_ha,PSA-OPENSTAT-CROPS,observed
sigarilyas-winged-beans,Sigarilyas Winged Beans,CAR,CORDILLERA ADMINISTRATIVE REGION (CAR),2021-2025,5,2.9420,1.7415,5.0941,mt_per_ha,PSA-OPENSTAT-CROPS,observed
sigarilyas-winged-beans,Sigarilyas Winged Beans,I,REGION I (ILOCOS REGION),2021-2025,5,2.0306,1.8100,2.3302,mt_per_ha,PSA-OPENSTAT-CROPS,observed
sigarilyas-winged-beans,Sigarilyas Winged Beans,II,REGION II (CAGAYAN VALLEY),2021-2025,5,4.4850,4.2963,4.6440,mt_per_ha,PSA-OPENSTAT-CROPS,observed
sigarilyas-winged-beans,Sigarilyas Winged Beans,III,REGION III (CENTRAL LUZON),2021-2025,5,1.9940,1.4446,2.3774,mt_per_ha,PSA-OPENSTAT-CROPS,observed
sigarilyas-winged-beans,Sigarilyas Winged Beans,IV-A,REGION IV-A (CALABARZON),2021-2025,5,1.5720,1.2535,1.9144,mt_per_ha,PSA-OPENSTAT-CROPS,observed
sigarilyas-winged-beans,Sigarilyas Winged Beans,MIMAROPA,MIMAROPA REGION,2021-2025,5,0.9060,0.7193,1.2508,mt_per_ha,PSA-OPENSTAT-CROPS,observed
sigarilyas-winged-beans,Sigarilyas Winged Beans,V,REGION V (BICOL REGION),2021-2025,5,2.3007,1.2385,4.4086,mt_per_ha,PSA-OPENSTAT-CROPS,observed
sineguelas,Sineguelas,I,REGION I (ILOCOS REGION),2021-2025,5,1.8723,1.8203,1.9308,mt_per_ha,PSA-OPENSTAT-CROPS,observed
sineguelas,Sineguelas,II,REGION II (CAGAYAN VALLEY),2021-2025,5,1.7763,1.6424,2.0945,mt_per_ha,PSA-OPENSTAT-CROPS,observed
sineguelas,Sineguelas,III,REGION III (CENTRAL LUZON),2021-2025,5,1.1314,0.9025,1.3126,mt_per_ha,PSA-OPENSTAT-CROPS,observed
sineguelas,Sineguelas,IV-A,REGION IV-A (CALABARZON),2021-2025,5,0.4436,0.4190,0.4763,mt_per_ha,PSA-OPENSTAT-CROPS,observed
sineguelas,Sineguelas,MIMAROPA,MIMAROPA REGION,2021-2025,5,2.2200,1.5309,2.7427,mt_per_ha,PSA-OPENSTAT-CROPS,observed
sineguelas,Sineguelas,V,REGION V (BICOL REGION),2021-2025,5,0.4358,0.2105,0.6000,mt_per_ha,PSA-OPENSTAT-CROPS,observed
singkamas-turnip,Singkamas Turnip,CAR,CORDILLERA ADMINISTRATIVE REGION (CAR),2021-2025,5,15.3535,8.9343,19.4008,mt_per_ha,PSA-OPENSTAT-CROPS,observed
singkamas-turnip,Singkamas Turnip,I,REGION I (ILOCOS REGION),2021-2025,5,8.2129,7.3086,8.7296,mt_per_ha,PSA-OPENSTAT-CROPS,observed
singkamas-turnip,Singkamas Turnip,II,REGION II (CAGAYAN VALLEY),2021-2025,5,10.9379,8.9473,12.3913,mt_per_ha,PSA-OPENSTAT-CROPS,observed
singkamas-turnip,Singkamas Turnip,III,REGION III (CENTRAL LUZON),2021-2025,5,10.7209,8.7633,11.9950,mt_per_ha,PSA-OPENSTAT-CROPS,observed
singkamas-turnip,Singkamas Turnip,IV-A,REGION IV-A (CALABARZON),2021-2025,5,16.6762,8.9523,24.7265,mt_per_ha,PSA-OPENSTAT-CROPS,observed
singkamas-turnip,Singkamas Turnip,MIMAROPA,MIMAROPA REGION,2021-2025,5,5.7149,2.0008,8.7898,mt_per_ha,PSA-OPENSTAT-CROPS,observed
singkamas-turnip,Singkamas Turnip,V,REGION V (BICOL REGION),2021-2025,5,11.1100,4.3082,16.0745,mt_per_ha,PSA-OPENSTAT-CROPS,observed
sitao-stringbeans,Sitao Stringbeans,CAR,CORDILLERA ADMINISTRATIVE REGION (CAR),2021-2025,5,3.9174,3.0304,4.9731,mt_per_ha,PSA-OPENSTAT-CROPS,observed
sitao-stringbeans,Sitao Stringbeans,I,REGION I (ILOCOS REGION),2021-2025,5,9.3277,8.7179,10.1991,mt_per_ha,PSA-OPENSTAT-CROPS,observed
sitao-stringbeans,Sitao Stringbeans,II,REGION II (CAGAYAN VALLEY),2021-2025,5,7.6986,7.5640,7.7745,mt_per_ha,PSA-OPENSTAT-CROPS,observed
sitao-stringbeans,Sitao Stringbeans,III,REGION III (CENTRAL LUZON),2021-2025,5,14.0838,13.6405,14.9064,mt_per_ha,PSA-OPENSTAT-CROPS,observed
sitao-stringbeans,Sitao Stringbeans,IV-A,REGION IV-A (CALABARZON),2021-2025,5,3.8513,3.7734,3.9204,mt_per_ha,PSA-OPENSTAT-CROPS,observed
sitao-stringbeans,Sitao Stringbeans,MIMAROPA,MIMAROPA REGION,2021-2025,5,4.2427,2.9235,5.2683,mt_per_ha,PSA-OPENSTAT-CROPS,observed
sitao-stringbeans,Sitao Stringbeans,V,REGION V (BICOL REGION),2021-2025,5,6.3293,4.1688,7.5036,mt_per_ha,PSA-OPENSTAT-CROPS,observed
sorghum,Sorghum,I,REGION I (ILOCOS REGION),2021-2025,5,5.6510,5.0267,6.3128,mt_per_ha,PSA-OPENSTAT-CROPS,observed
sorghum,Sorghum,III,REGION III (CENTRAL LUZON),2021-2025,5,8.3520,7.3552,11.5251,mt_per_ha,PSA-OPENSTAT-CROPS,observed
soybeans,Soybeans,I,REGION I (ILOCOS REGION),2021-2025,5,1.3305,0.6493,2.5845,mt_per_ha,PSA-OPENSTAT-CROPS,observed
spinach,Spinach,CAR,CORDILLERA ADMINISTRATIVE REGION (CAR),2021-2025,5,5.8406,3.9845,8.1860,mt_per_ha,PSA-OPENSTAT-CROPS,observed
spinach,Spinach,I,REGION I (ILOCOS REGION),2021-2025,5,0.5322,0.3299,0.6450,mt_per_ha,PSA-OPENSTAT-CROPS,observed
spinach,Spinach,II,REGION II (CAGAYAN VALLEY),2021-2025,5,1.3808,1.2814,1.4836,mt_per_ha,PSA-OPENSTAT-CROPS,observed
spinach,Spinach,III,REGION III (CENTRAL LUZON),2021-2025,5,3.7506,3.3027,4.2900,mt_per_ha,PSA-OPENSTAT-CROPS,observed
spraymum,Spraymum,CAR,CORDILLERA ADMINISTRATIVE REGION (CAR),2021-2025,5,18.1788,11.0479,40.3400,mt_per_ha,PSA-OPENSTAT-CROPS,observed
spring-onion,Spring Onion,IV-A,REGION IV-A (CALABARZON),2021-2025,5,5.3976,3.0538,7.6752,mt_per_ha,PSA-OPENSTAT-CROPS,observed
squash-fruit,Squash Fruit,CAR,CORDILLERA ADMINISTRATIVE REGION (CAR),2021-2025,5,15.2765,11.2717,18.5902,mt_per_ha,PSA-OPENSTAT-CROPS,observed
squash-fruit,Squash Fruit,I,REGION I (ILOCOS REGION),2021-2025,5,15.6086,14.1390,16.9290,mt_per_ha,PSA-OPENSTAT-CROPS,observed
squash-fruit,Squash Fruit,II,REGION II (CAGAYAN VALLEY),2021-2025,5,13.3607,12.5622,14.0177,mt_per_ha,PSA-OPENSTAT-CROPS,observed
squash-fruit,Squash Fruit,III,REGION III (CENTRAL LUZON),2021-2025,5,17.6956,14.7194,19.0096,mt_per_ha,PSA-OPENSTAT-CROPS,observed
squash-fruit,Squash Fruit,IV-A,REGION IV-A (CALABARZON),2021-2025,5,16.6521,16.0357,17.1988,mt_per_ha,PSA-OPENSTAT-CROPS,observed
squash-fruit,Squash Fruit,MIMAROPA,MIMAROPA REGION,2021-2025,5,6.3730,4.5647,9.4008,mt_per_ha,PSA-OPENSTAT-CROPS,observed
squash-fruit,Squash Fruit,V,REGION V (BICOL REGION),2021-2025,5,22.5731,16.5177,26.8075,mt_per_ha,PSA-OPENSTAT-CROPS,observed
starapple,Starapple,CAR,CORDILLERA ADMINISTRATIVE REGION (CAR),2021-2025,5,4.2161,3.4058,4.8816,mt_per_ha,PSA-OPENSTAT-CROPS,observed
starapple,Starapple,I,REGION I (ILOCOS REGION),2021-2025,5,2.1505,2.0259,2.2971,mt_per_ha,PSA-OPENSTAT-CROPS,observed
starapple,Starapple,II,REGION II (CAGAYAN VALLEY),2021-2025,5,0.7036,0.6682,0.7380,mt_per_ha,PSA-OPENSTAT-CROPS,observed
starapple,Starapple,III,REGION III (CENTRAL LUZON),2021-2025,5,4.0448,3.8723,4.4349,mt_per_ha,PSA-OPENSTAT-CROPS,observed
starapple,Starapple,IV-A,REGION IV-A (CALABARZON),2021-2025,5,2.0181,1.9102,2.2386,mt_per_ha,PSA-OPENSTAT-CROPS,observed
starapple,Starapple,MIMAROPA,MIMAROPA REGION,2021-2025,5,2.0442,1.7144,2.2546,mt_per_ha,PSA-OPENSTAT-CROPS,observed
starapple,Starapple,V,REGION V (BICOL REGION),2021-2025,5,1.0748,0.7010,1.6659,mt_per_ha,PSA-OPENSTAT-CROPS,observed
statice,Statice,CAR,CORDILLERA ADMINISTRATIVE REGION (CAR),2021-2025,5,15.6265,9.5317,32.0000,mt_per_ha,PSA-OPENSTAT-CROPS,observed
strawberry,Strawberry,CAR,CORDILLERA ADMINISTRATIVE REGION (CAR),2021-2025,5,12.9251,7.9343,22.3999,mt_per_ha,PSA-OPENSTAT-CROPS,observed
strawberry,Strawberry,II,REGION II (CAGAYAN VALLEY),2021-2025,5,4.9127,3.4523,6.7273,mt_per_ha,PSA-OPENSTAT-CROPS,observed
strawberry,Strawberry,IV-A,REGION IV-A (CALABARZON),2021-2025,5,5.4534,0.5517,10.8000,mt_per_ha,PSA-OPENSTAT-CROPS,observed
sugarcane,Sugarcane,CAR,CORDILLERA ADMINISTRATIVE REGION (CAR),2021-2025,5,13.5219,6.7844,18.8497,mt_per_ha,PSA-OPENSTAT-CROPS,observed
sugarcane,Sugarcane,I,REGION I (ILOCOS REGION),2021-2025,5,35.4901,23.9401,45.3355,mt_per_ha,PSA-OPENSTAT-CROPS,observed
sugarcane,Sugarcane,II,REGION II (CAGAYAN VALLEY),2021-2025,5,34.5262,33.3411,35.3369,mt_per_ha,PSA-OPENSTAT-CROPS,observed
sugarcane,Sugarcane,III,REGION III (CENTRAL LUZON),2021-2025,5,38.3926,29.4537,46.5724,mt_per_ha,PSA-OPENSTAT-CROPS,observed
sugarcane,Sugarcane,IV-A,REGION IV-A (CALABARZON),2021-2025,5,42.6683,24.4936,55.7712,mt_per_ha,PSA-OPENSTAT-CROPS,observed
sugarcane,Sugarcane,V,REGION V (BICOL REGION),2021-2025,5,36.8792,22.0147,43.3371,mt_per_ha,PSA-OPENSTAT-CROPS,observed
sugarcane-for-basi-vinegar,Sugarcane For Basi Vinegar,CAR,CORDILLERA ADMINISTRATIVE REGION (CAR),2021-2025,5,7.7612,3.9861,11.9684,mt_per_ha,PSA-OPENSTAT-CROPS,observed
sugarcane-for-basi-vinegar,Sugarcane For Basi Vinegar,I,REGION I (ILOCOS REGION),2021-2025,5,40.9600,23.6905,57.8602,mt_per_ha,PSA-OPENSTAT-CROPS,observed
sugarcane-for-basi-vinegar,Sugarcane For Basi Vinegar,II,REGION II (CAGAYAN VALLEY),2021-2025,5,14.3752,10.7472,18.7531,mt_per_ha,PSA-OPENSTAT-CROPS,observed
sugarcane-for-chewing,Sugarcane For Chewing,I,REGION I (ILOCOS REGION),2021-2025,5,29.8538,24.7374,34.6103,mt_per_ha,PSA-OPENSTAT-CROPS,observed
sugarcane-for-chewing,Sugarcane For Chewing,II,REGION II (CAGAYAN VALLEY),2021-2025,5,4.9342,2.6536,7.1271,mt_per_ha,PSA-OPENSTAT-CROPS,observed
sugarcane-for-ethanol,Sugarcane For Ethanol,II,REGION II (CAGAYAN VALLEY),2021-2025,5,33.5038,33.1070,34.3111,mt_per_ha,PSA-OPENSTAT-CROPS,observed
sugarcane-for-panocha-muscovado,Sugarcane For Panocha Muscovado,CAR,CORDILLERA ADMINISTRATIVE REGION (CAR),2021-2025,5,20.0064,14.7650,25.4966,mt_per_ha,PSA-OPENSTAT-CROPS,observed
sugarcane-for-panocha-muscovado,Sugarcane For Panocha Muscovado,I,REGION I (ILOCOS REGION),2021-2025,5,33.8120,24.0758,41.3468,mt_per_ha,PSA-OPENSTAT-CROPS,observed
sugarcane-for-panocha-muscovado,Sugarcane For Panocha Muscovado,II,REGION II (CAGAYAN VALLEY),2021-2025,5,29.7416,26.9818,32.7407,mt_per_ha,PSA-OPENSTAT-CROPS,observed
sugarcane-for-panocha-muscovado,Sugarcane For Panocha Muscovado,III,REGION III (CENTRAL LUZON),2021-2025,5,15.5856,6.5721,25.4486,mt_per_ha,PSA-OPENSTAT-CROPS,observed
sugarcane-for-panocha-muscovado,Sugarcane For Panocha Muscovado,IV-A,REGION IV-A (CALABARZON),2021-2025,5,28.9697,13.1042,38.7933,mt_per_ha,PSA-OPENSTAT-CROPS,observed
sugarcane-for-panocha-muscovado,Sugarcane For Panocha Muscovado,V,REGION V (BICOL REGION),2021-2025,5,43.0559,21.6465,62.5115,mt_per_ha,PSA-OPENSTAT-CROPS,observed
sugodsugod,Sugodsugod,I,REGION I (ILOCOS REGION),2021-2025,5,0.4857,0.2410,1.0909,mt_per_ha,PSA-OPENSTAT-CROPS,observed
sweet-peas,Sweet Peas,CAR,CORDILLERA ADMINISTRATIVE REGION (CAR),2021-2025,5,5.2545,4.4641,5.6939,mt_per_ha,PSA-OPENSTAT-CROPS,observed
sweet-peas,Sweet Peas,I,REGION I (ILOCOS REGION),2021-2025,5,3.0633,2.5769,4.3571,mt_per_ha,PSA-OPENSTAT-CROPS,observed
sweet-peas,Sweet Peas,II,REGION II (CAGAYAN VALLEY),2021-2025,5,1.9279,1.6195,2.2381,mt_per_ha,PSA-OPENSTAT-CROPS,observed
talinum,Talinum,II,REGION II (CAGAYAN VALLEY),2021-2025,5,0.3442,0.2778,0.4350,mt_per_ha,PSA-OPENSTAT-CROPS,observed
talinum,Talinum,III,REGION III (CENTRAL LUZON),2021-2025,5,0.1626,0.0508,0.3243,mt_per_ha,PSA-OPENSTAT-CROPS,observed
talinum,Talinum,MIMAROPA,MIMAROPA REGION,2021-2025,5,1.3715,0.8049,1.9600,mt_per_ha,PSA-OPENSTAT-CROPS,observed
talinum,Talinum,V,REGION V (BICOL REGION),2021-2025,5,1.4537,0.2350,5.3333,mt_per_ha,PSA-OPENSTAT-CROPS,observed
tamarind-fruit,Tamarind Fruit,CAR,CORDILLERA ADMINISTRATIVE REGION (CAR),2021-2025,5,1.0177,0.8864,1.1817,mt_per_ha,PSA-OPENSTAT-CROPS,observed
tamarind-fruit,Tamarind Fruit,I,REGION I (ILOCOS REGION),2021-2025,5,2.4894,2.3990,2.5847,mt_per_ha,PSA-OPENSTAT-CROPS,observed
tamarind-fruit,Tamarind Fruit,II,REGION II (CAGAYAN VALLEY),2021-2025,5,2.9939,2.8147,3.1121,mt_per_ha,PSA-OPENSTAT-CROPS,observed
tamarind-fruit,Tamarind Fruit,III,REGION III (CENTRAL LUZON),2021-2025,5,6.2878,4.0025,7.3023,mt_per_ha,PSA-OPENSTAT-CROPS,observed
tamarind-fruit,Tamarind Fruit,IV-A,REGION IV-A (CALABARZON),2021-2025,5,1.0562,0.8192,1.5252,mt_per_ha,PSA-OPENSTAT-CROPS,observed
tamarind-fruit,Tamarind Fruit,MIMAROPA,MIMAROPA REGION,2021-2025,5,1.5841,1.2162,2.0154,mt_per_ha,PSA-OPENSTAT-CROPS,observed
tamarind-fruit,Tamarind Fruit,V,REGION V (BICOL REGION),2021-2025,5,0.5003,0.1687,0.8382,mt_per_ha,PSA-OPENSTAT-CROPS,observed
tanglad-lemon-grass,Tanglad Lemon Grass,I,REGION I (ILOCOS REGION),2021-2025,5,6.1797,5.4688,7.4815,mt_per_ha,PSA-OPENSTAT-CROPS,observed
tanglad-lemon-grass,Tanglad Lemon Grass,II,REGION II (CAGAYAN VALLEY),2021-2025,5,10.0174,0.2812,46.9000,mt_per_ha,PSA-OPENSTAT-CROPS,observed
tanglad-lemon-grass,Tanglad Lemon Grass,III,REGION III (CENTRAL LUZON),2021-2025,5,2.7729,2.6740,2.9411,mt_per_ha,PSA-OPENSTAT-CROPS,observed
tanglad-lemon-grass,Tanglad Lemon Grass,IV-A,REGION IV-A (CALABARZON),2021-2025,5,12.2945,6.4473,18.5208,mt_per_ha,PSA-OPENSTAT-CROPS,observed
tanglad-lemon-grass,Tanglad Lemon Grass,MIMAROPA,MIMAROPA REGION,2021-2025,5,0.9546,0.1759,1.7552,mt_per_ha,PSA-OPENSTAT-CROPS,observed
tanglad-lemon-grass,Tanglad Lemon Grass,V,REGION V (BICOL REGION),2021-2025,5,3.5749,2.5067,4.3687,mt_per_ha,PSA-OPENSTAT-CROPS,observed
tiger-grass,Tiger Grass,CAR,CORDILLERA ADMINISTRATIVE REGION (CAR),2021-2025,5,4.0337,2.4048,6.8013,mt_per_ha,PSA-OPENSTAT-CROPS,observed
tiger-grass,Tiger Grass,I,REGION I (ILOCOS REGION),2021-2025,5,0.5293,0.4828,0.5776,mt_per_ha,PSA-OPENSTAT-CROPS,observed
tiger-grass,Tiger Grass,II,REGION II (CAGAYAN VALLEY),2021-2025,5,0.8584,0.8265,0.8845,mt_per_ha,PSA-OPENSTAT-CROPS,observed
tiger-grass,Tiger Grass,MIMAROPA,MIMAROPA REGION,2021-2025,5,0.8366,0.7949,0.8630,mt_per_ha,PSA-OPENSTAT-CROPS,observed
tiger-grass,Tiger Grass,V,REGION V (BICOL REGION),2021-2025,5,6.8197,3.0350,11.6269,mt_per_ha,PSA-OPENSTAT-CROPS,observed
tikog,Tikog,MIMAROPA,MIMAROPA REGION,2021-2025,5,3.8169,3.4077,4.1980,mt_per_ha,PSA-OPENSTAT-CROPS,observed
tobacco,Tobacco,CAR,CORDILLERA ADMINISTRATIVE REGION (CAR),2021-2025,5,0.7365,0.5235,0.8988,mt_per_ha,PSA-OPENSTAT-CROPS,observed
tobacco,Tobacco,I,REGION I (ILOCOS REGION),2021-2025,5,1.7814,1.6384,1.9626,mt_per_ha,PSA-OPENSTAT-CROPS,observed
tobacco,Tobacco,II,REGION II (CAGAYAN VALLEY),2021-2025,5,2.1803,1.7827,2.3711,mt_per_ha,PSA-OPENSTAT-CROPS,observed
tobacco,Tobacco,III,REGION III (CENTRAL LUZON),2021-2025,5,0.8634,0.7277,0.9309,mt_per_ha,PSA-OPENSTAT-CROPS,observed
tobacco,Tobacco,MIMAROPA,MIMAROPA REGION,2021-2025,5,0.5038,0.2902,0.7774,mt_per_ha,PSA-OPENSTAT-CROPS,observed
tobacco-native,Tobacco Native,CAR,CORDILLERA ADMINISTRATIVE REGION (CAR),2021-2025,5,0.8830,0.8182,0.9615,mt_per_ha,PSA-OPENSTAT-CROPS,observed
tobacco-native,Tobacco Native,I,REGION I (ILOCOS REGION),2021-2025,5,1.8906,1.7905,2.0761,mt_per_ha,PSA-OPENSTAT-CROPS,observed
tobacco-native,Tobacco Native,II,REGION II (CAGAYAN VALLEY),2021-2025,5,1.8861,1.5369,2.0372,mt_per_ha,PSA-OPENSTAT-CROPS,observed
tobacco-native,Tobacco Native,MIMAROPA,MIMAROPA REGION,2021-2025,5,0.5038,0.2902,0.7774,mt_per_ha,PSA-OPENSTAT-CROPS,observed
tobacco-others,Tobacco Others,CAR,CORDILLERA ADMINISTRATIVE REGION (CAR),2021-2025,5,1.1302,0.6662,1.5867,mt_per_ha,PSA-OPENSTAT-CROPS,observed
tobacco-others,Tobacco Others,I,REGION I (ILOCOS REGION),2021-2025,5,2.0898,2.0041,2.1562,mt_per_ha,PSA-OPENSTAT-CROPS,observed
tobacco-others,Tobacco Others,II,REGION II (CAGAYAN VALLEY),2021-2025,5,2.2226,1.8116,2.4204,mt_per_ha,PSA-OPENSTAT-CROPS,observed
tobacco-others,Tobacco Others,III,REGION III (CENTRAL LUZON),2021-2025,5,0.8634,0.7277,0.9309,mt_per_ha,PSA-OPENSTAT-CROPS,observed
tobacco-virginia,Tobacco Virginia,CAR,CORDILLERA ADMINISTRATIVE REGION (CAR),2021-2025,5,0.7252,0.5056,0.8700,mt_per_ha,PSA-OPENSTAT-CROPS,observed
tobacco-virginia,Tobacco Virginia,I,REGION I (ILOCOS REGION),2021-2025,5,1.7036,1.5335,1.9366,mt_per_ha,PSA-OPENSTAT-CROPS,observed
tomato,Tomato,CAR,CORDILLERA ADMINISTRATIVE REGION (CAR),2021-2025,5,11.1535,9.3071,16.3863,mt_per_ha,PSA-OPENSTAT-CROPS,observed
tomato,Tomato,I,REGION I (ILOCOS REGION),2021-2025,5,21.6343,20.0258,23.3911,mt_per_ha,PSA-OPENSTAT-CROPS,observed
tomato,Tomato,II,REGION II (CAGAYAN VALLEY),2021-2025,5,12.8890,11.1533,14.8509,mt_per_ha,PSA-OPENSTAT-CROPS,observed
tomato,Tomato,III,REGION III (CENTRAL LUZON),2021-2025,5,10.5740,9.7066,10.9912,mt_per_ha,PSA-OPENSTAT-CROPS,observed
tomato,Tomato,IV-A,REGION IV-A (CALABARZON),2021-2025,5,13.9462,12.1046,16.0314,mt_per_ha,PSA-OPENSTAT-CROPS,observed
tomato,Tomato,MIMAROPA,MIMAROPA REGION,2021-2025,5,8.7360,8.0814,9.6099,mt_per_ha,PSA-OPENSTAT-CROPS,observed
tomato,Tomato,V,REGION V (BICOL REGION),2021-2025,5,6.3745,4.6564,7.1722,mt_per_ha,PSA-OPENSTAT-CROPS,observed
tugue,Tugue,CAR,CORDILLERA ADMINISTRATIVE REGION (CAR),2021-2025,5,10.6778,4.5183,21.1000,mt_per_ha,PSA-OPENSTAT-CROPS,observed
tugue,Tugue,I,REGION I (ILOCOS REGION),2021-2025,5,4.3102,3.1400,5.0178,mt_per_ha,PSA-OPENSTAT-CROPS,observed
tugue,Tugue,II,REGION II (CAGAYAN VALLEY),2021-2025,5,5.0098,4.4568,6.5113,mt_per_ha,PSA-OPENSTAT-CROPS,observed
tugue,Tugue,III,REGION III (CENTRAL LUZON),2021-2025,5,2.9349,2.0919,3.8128,mt_per_ha,PSA-OPENSTAT-CROPS,observed
tugue,Tugue,IV-A,REGION IV-A (CALABARZON),2021-2025,5,0.9054,0.7956,1.0923,mt_per_ha,PSA-OPENSTAT-CROPS,observed
tugue,Tugue,MIMAROPA,MIMAROPA REGION,2021-2025,5,4.9722,4.6620,5.5639,mt_per_ha,PSA-OPENSTAT-CROPS,observed
tugue,Tugue,V,REGION V (BICOL REGION),2021-2025,5,2.3982,0.6722,3.7058,mt_per_ha,PSA-OPENSTAT-CROPS,observed
ubi-greater-yam,Ubi Greater Yam,CAR,CORDILLERA ADMINISTRATIVE REGION (CAR),2021-2025,5,8.0059,5.5755,10.8338,mt_per_ha,PSA-OPENSTAT-CROPS,observed
ubi-greater-yam,Ubi Greater Yam,I,REGION I (ILOCOS REGION),2021-2025,5,8.4196,7.0807,9.7023,mt_per_ha,PSA-OPENSTAT-CROPS,observed
ubi-greater-yam,Ubi Greater Yam,II,REGION II (CAGAYAN VALLEY),2021-2025,5,5.5256,5.3298,5.7263,mt_per_ha,PSA-OPENSTAT-CROPS,observed
ubi-greater-yam,Ubi Greater Yam,III,REGION III (CENTRAL LUZON),2021-2025,5,3.3503,0.3619,5.1050,mt_per_ha,PSA-OPENSTAT-CROPS,observed
ubi-greater-yam,Ubi Greater Yam,IV-A,REGION IV-A (CALABARZON),2021-2025,5,6.3204,4.5576,7.7106,mt_per_ha,PSA-OPENSTAT-CROPS,observed
ubi-greater-yam,Ubi Greater Yam,MIMAROPA,MIMAROPA REGION,2021-2025,5,4.7305,3.2786,6.3094,mt_per_ha,PSA-OPENSTAT-CROPS,observed
ubi-greater-yam,Ubi Greater Yam,V,REGION V (BICOL REGION),2021-2025,5,4.0576,3.0840,5.3702,mt_per_ha,PSA-OPENSTAT-CROPS,observed
upo-bottle-gourd,Upo Bottle Gourd,CAR,CORDILLERA ADMINISTRATIVE REGION (CAR),2021-2025,5,5.2144,2.4829,6.2535,mt_per_ha,PSA-OPENSTAT-CROPS,observed
upo-bottle-gourd,Upo Bottle Gourd,I,REGION I (ILOCOS REGION),2021-2025,5,15.2239,14.8682,16.1331,mt_per_ha,PSA-OPENSTAT-CROPS,observed
upo-bottle-gourd,Upo Bottle Gourd,II,REGION II (CAGAYAN VALLEY),2021-2025,5,10.4896,9.6763,11.3556,mt_per_ha,PSA-OPENSTAT-CROPS,observed
upo-bottle-gourd,Upo Bottle Gourd,III,REGION III (CENTRAL LUZON),2021-2025,5,15.6899,14.8335,16.3030,mt_per_ha,PSA-OPENSTAT-CROPS,observed
upo-bottle-gourd,Upo Bottle Gourd,IV-A,REGION IV-A (CALABARZON),2021-2025,5,9.0609,8.5758,10.3112,mt_per_ha,PSA-OPENSTAT-CROPS,observed
upo-bottle-gourd,Upo Bottle Gourd,MIMAROPA,MIMAROPA REGION,2021-2025,5,5.5192,4.9492,5.9551,mt_per_ha,PSA-OPENSTAT-CROPS,observed
upo-bottle-gourd,Upo Bottle Gourd,V,REGION V (BICOL REGION),2021-2025,5,7.7422,5.4060,10.0409,mt_per_ha,PSA-OPENSTAT-CROPS,observed
watercress,Watercress,CAR,CORDILLERA ADMINISTRATIVE REGION (CAR),2021-2025,5,3.8192,3.1894,4.2341,mt_per_ha,PSA-OPENSTAT-CROPS,observed
watercress,Watercress,II,REGION II (CAGAYAN VALLEY),2021-2025,5,4.4261,3.5870,5.3516,mt_per_ha,PSA-OPENSTAT-CROPS,observed
watermelon,Watermelon,CAR,CORDILLERA ADMINISTRATIVE REGION (CAR),2021-2025,5,12.8696,2.3529,41.0023,mt_per_ha,PSA-OPENSTAT-CROPS,observed
watermelon,Watermelon,I,REGION I (ILOCOS REGION),2021-2025,5,30.9800,25.0835,32.9767,mt_per_ha,PSA-OPENSTAT-CROPS,observed
watermelon,Watermelon,II,REGION II (CAGAYAN VALLEY),2021-2025,5,18.1768,10.5286,24.9681,mt_per_ha,PSA-OPENSTAT-CROPS,observed
watermelon,Watermelon,III,REGION III (CENTRAL LUZON),2021-2025,5,5.9581,3.4537,7.4054,mt_per_ha,PSA-OPENSTAT-CROPS,observed
watermelon,Watermelon,IV-A,REGION IV-A (CALABARZON),2021-2025,5,11.5333,5.6771,15.1173,mt_per_ha,PSA-OPENSTAT-CROPS,observed
watermelon,Watermelon,MIMAROPA,MIMAROPA REGION,2021-2025,5,17.9812,14.2792,23.0168,mt_per_ha,PSA-OPENSTAT-CROPS,observed
watermelon,Watermelon,V,REGION V (BICOL REGION),2021-2025,5,5.4252,3.2692,7.2954,mt_per_ha,PSA-OPENSTAT-CROPS,observed
white-corn,White Corn,CAR,CORDILLERA ADMINISTRATIVE REGION (CAR),2021-2025,5,2.5593,2.3878,2.8271,mt_per_ha,PSA-OPENSTAT-CROPS,observed
white-corn,White Corn,I,REGION I (ILOCOS REGION),2021-2025,5,4.0064,3.9362,4.0663,mt_per_ha,PSA-OPENSTAT-CROPS,observed
white-corn,White Corn,II,REGION II (CAGAYAN VALLEY),2021-2025,5,2.8891,2.7609,3.0051,mt_per_ha,PSA-OPENSTAT-CROPS,observed
white-corn,White Corn,III,REGION III (CENTRAL LUZON),2021-2025,5,3.4467,3.2566,3.6504,mt_per_ha,PSA-OPENSTAT-CROPS,observed
white-corn,White Corn,IV-A,REGION IV-A (CALABARZON),2021-2025,5,1.8375,1.7844,1.9013,mt_per_ha,PSA-OPENSTAT-CROPS,observed
white-corn,White Corn,MIMAROPA,MIMAROPA REGION,2021-2025,5,2.2935,2.1831,2.3622,mt_per_ha,PSA-OPENSTAT-CROPS,observed
white-corn,White Corn,V,REGION V (BICOL REGION),2021-2025,5,1.4219,1.3488,1.5745,mt_per_ha,PSA-OPENSTAT-CROPS,observed
wonder-beans,Wonder Beans,V,REGION V (BICOL REGION),2021-2025,5,1.9092,0.1905,8.0000,mt_per_ha,PSA-OPENSTAT-CROPS,observed
yacon,Yacon,II,REGION II (CAGAYAN VALLEY),2021-2025,5,8.7456,8.0140,9.5848,mt_per_ha,PSA-OPENSTAT-CROPS,observed
yam-beans,Yam Beans,I,REGION I (ILOCOS REGION),2021-2025,5,4.2343,2.9753,5.3097,mt_per_ha,PSA-OPENSTAT-CROPS,observed
yam-beans,Yam Beans,II,REGION II (CAGAYAN VALLEY),2021-2025,5,3.2096,2.9211,3.7216,mt_per_ha,PSA-OPENSTAT-CROPS,observed
yam-beans,Yam Beans,III,REGION III (CENTRAL LUZON),2021-2025,5,2.4575,2.2120,2.6067,mt_per_ha,PSA-OPENSTAT-CROPS,observed
yellow-bell,Yellow Bell,I,REGION I (ILOCOS REGION),2021-2025,5,1.3257,1.2632,1.4211,mt_per_ha,PSA-OPENSTAT-CROPS,observed
yellow-bell,Yellow Bell,III,REGION III (CENTRAL LUZON),2021-2025,5,4.2454,4.0231,4.5308,mt_per_ha,PSA-OPENSTAT-CROPS,observed
yellow-bell,Yellow Bell,IV-A,REGION IV-A (CALABARZON),2021-2025,5,0.3880,0.2000,0.5400,mt_per_ha,PSA-OPENSTAT-CROPS,observed
yellow-bell,Yellow Bell,MIMAROPA,MIMAROPA REGION,2021-2025,5,2.9246,1.3956,3.9435,mt_per_ha,PSA-OPENSTAT-CROPS,observed
yellow-bell,Yellow Bell,V,REGION V (BICOL REGION),2021-2025,5,3.5154,1.2457,6.4000,mt_per_ha,PSA-OPENSTAT-CROPS,observed
yellow-corn,Yellow Corn,CAR,CORDILLERA ADMINISTRATIVE REGION (CAR),2021-2025,5,3.6034,3.2747,3.8700,mt_per_ha,PSA-OPENSTAT-CROPS,observed
yellow-corn,Yellow Corn,I,REGION I (ILOCOS REGION),2021-2025,5,6.2305,6.2170,6.2546,mt_per_ha,PSA-OPENSTAT-CROPS,observed
yellow-corn,Yellow Corn,II,REGION II (CAGAYAN VALLEY),2021-2025,5,4.4599,4.3957,4.5021,mt_per_ha,PSA-OPENSTAT-CROPS,observed
yellow-corn,Yellow Corn,III,REGION III (CENTRAL LUZON),2021-2025,5,6.6289,6.3494,6.7990,mt_per_ha,PSA-OPENSTAT-CROPS,observed
yellow-corn,Yellow Corn,IV-A,REGION IV-A (CALABARZON),2021-2025,5,3.5503,3.3174,3.7446,mt_per_ha,PSA-OPENSTAT-CROPS,observed
yellow-corn,Yellow Corn,MIMAROPA,MIMAROPA REGION,2021-2025,5,4.6185,4.2046,5.2137,mt_per_ha,PSA-OPENSTAT-CROPS,observed
yellow-corn,Yellow Corn,V,REGION V (BICOL REGION),2021-2025,5,3.7984,3.6691,3.9164,mt_per_ha,PSA-OPENSTAT-CROPS,observed
yerba-buena,Yerba Buena,II,REGION II (CAGAYAN VALLEY),2021-2025,5,0.4953,0.4091,0.6000,mt_per_ha,PSA-OPENSTAT-CROPS,observed
yerba-buena,Yerba Buena,IV-A,REGION IV-A (CALABARZON),2021-2025,5,0.4200,0.2500,0.5500,mt_per_ha,PSA-OPENSTAT-CROPS,observed
yerba-buena,Yerba Buena,MIMAROPA,MIMAROPA REGION,2021-2025,5,1.4221,1.2343,1.8629,mt_per_ha,PSA-OPENSTAT-CROPS,observed
yerba-buena,Yerba Buena,V,REGION V (BICOL REGION),2021-2025,5,0.7183,0.0750,1.8417,mt_per_ha,PSA-OPENSTAT-CROPS,observed
young-corn,Young Corn,I,REGION I (ILOCOS REGION),2021-2025,5,1.1575,1.1002,1.1838,mt_per_ha,PSA-OPENSTAT-CROPS,observed
zucchini,Zucchini,CAR,CORDILLERA ADMINISTRATIVE REGION (CAR),2021-2025,5,6.5928,2.9278,15.6245,mt_per_ha,PSA-OPENSTAT-CROPS,observed
